;EMILIA-ROMAGNA;FRIULI-VENEZIA GIULIA;MOLISE;LAZIO;LIGURIA;SARDEGNA;UMBRIA;SICILIA;CALABRIA;BASILICATA;VALLE D'AOSTA;MARCHE;TOSCANA;PIEMONTE;TIMESTAMP;CAMPANIA;ABRUZZO;TRENTINO-ALTO ADIGE;VENETO;PUGLIA;LOMBARDIA
23.981;0.04;0.15;0.0;0.0;0.22;0.0;0.0;0.0;0.0;0.0;0.0;0.13;0.05;0.17;180304_235850;0.0;0.12;0.0;0.04;0.0;0.0
24.031;0.07;0.15;0.0;0.0;0.22;0.05;0.0;0.0;0.0;0.0;0.0;0.13;0.08;0.19;180305_000151;0.0;0.12;0.0;0.06;0.0;0.0
24.081;0.07;0.15;0.0;0.0;0.22;0.05;0.0;0.0;0.0;0.0;0.0;0.13;0.13;0.31;180305_000451;0.0;0.18;0.0;0.11;0.0;0.01
24.131;0.07;0.15;0.0;0.0;0.22;0.11;0.0;0.0;0.0;0.0;0.0;0.13;0.18;0.33;180305_000752;0.0;0.18;0.0;0.15;0.0;0.01
24.181;0.07;0.29;0.0;0.0;0.39;0.11;0.0;0.0;0.0;0.0;0.0;0.13;0.2;0.44;180305_001052;0.02;0.37;0.0;0.21;0.0;0.04
24.231;0.07;0.37;0.0;0.0;0.61;0.11;0.0;0.0;0.0;0.0;0.0;0.25;0.3;0.56;180305_001352;0.02;0.37;0.0;0.21;0.0;0.05
24.281;0.07;0.44;0.0;0.0;0.78;0.11;0.0;0.0;0.0;0.0;0.0;0.25;0.35;0.6;180305_001653;0.02;0.37;0.0;0.23;0.0;0.05
24.331;0.09;0.58;0.0;0.0;0.78;0.11;0.0;0.0;0.0;0.0;0.0;0.32;0.46;0.75;180305_001953;0.03;0.37;0.0;0.27;0.0;0.05
24.381;0.11;0.8;0.0;0.0;0.84;0.16;0.0;0.0;0.0;0.0;0.0;0.32;0.48;1.04;180305_002253;0.03;0.37;0.0;0.4;0.0;0.07
24.431;0.13;1.02;0.0;0.0;0.89;0.16;0.0;0.0;0.0;0.0;0.0;0.32;0.51;1.18;180305_002553;0.05;0.37;0.0;0.46;0.0;0.1
24.482;0.16;1.1;0.25;0.0;0.95;0.16;0.0;0.0;0.0;0.0;0.0;0.38;0.66;1.5;180305_002854;0.07;0.43;0.1;0.7;0.02;0.14
24.532;0.24;1.31;0.25;0.0;1.12;0.16;0.0;0.0;0.0;0.0;0.0;0.44;0.81;1.72;180305_003154;0.09;0.43;0.1;0.89;0.05;0.16
24.582;0.24;1.61;0.25;0.02;1.23;0.16;0.0;0.0;0.0;0.0;0.0;0.7;0.96;1.95;180305_003454;0.09;0.55;0.1;0.97;0.05;0.18
24.632;0.33;1.97;0.25;0.06;1.45;0.16;0.0;0.0;0.0;0.0;0.0;0.89;1.11;2.22;180305_003754;1.01;0.73;0.2;1.18;0.05;0.21
24.682;0.49;2.48;0.25;0.09;1.84;0.33;0.2;0.02;0.0;0.0;0.0;1.27;1.34;2.45;180305_004055;1.18;0.73;0.39;1.52;0.05;0.23
24.732;0.51;2.92;0.51;0.09;2.24;0.33;0.6;0.02;0.0;0.0;0.0;1.52;1.64;3.05;180305_004355;1.49;0.79;0.39;2.05;0.07;0.27
24.782;1.2;3.43;0.51;0.09;2.24;0.38;1.19;0.02;0.04;0.29;0.0;1.65;1.82;3.49;180305_004655;1.65;1.22;0.59;2.28;0.1;0.3
24.832;1.35;3.8;1.02;0.09;2.29;0.38;1.29;0.02;0.04;0.29;0.0;1.72;2.02;3.63;180305_004955;1.91;1.53;0.59;2.57;0.15;0.3
24.882;1.64;4.38;1.02;0.15;2.52;0.49;1.29;0.02;0.12;0.44;0.0;2.03;2.35;3.99;180305_005256;2.18;1.65;0.59;2.89;0.2;0.4
24.931;1.71;4.53;1.02;0.23;2.91;0.6;1.29;0.09;0.17;0.59;0.0;2.03;2.5;4.13;180305_005552;2.39;1.71;0.59;3.14;0.35;0.44
24.981;1.86;4.67;1.02;0.23;2.91;0.65;1.29;0.09;0.17;0.59;0.0;2.03;3.87;4.22;180305_005852;2.81;1.71;0.59;3.21;0.37;0.47
25.031;1.91;4.89;1.02;0.23;3.13;0.65;1.39;0.09;0.17;0.59;0.0;2.35;4.12;4.8;180305_010153;2.87;1.71;0.59;3.55;0.4;0.48
25.081;3.28;6.06;1.27;0.26;3.75;0.87;3.58;0.38;0.5;0.73;0.0;3.75;5.87;5.71;180305_010453;3.74;2.32;1.38;5.44;0.67;0.79
25.132;3.73;6.72;1.27;0.26;3.97;1.03;3.58;0.51;0.5;0.73;0.0;4.19;6.15;6.25;180305_010754;4.05;2.38;1.77;6.22;0.72;0.87
25.182;4.41;7.67;1.27;0.28;4.02;1.25;3.58;0.59;0.5;0.73;0.0;4.76;6.68;6.9;180305_011054;4.58;2.56;1.77;7.49;0.84;0.92
25.232;4.86;8.69;1.27;0.28;4.08;1.63;3.88;0.64;0.79;0.73;0.0;6.42;7.18;7.14;180305_011355;5.03;2.99;1.87;8.1;0.92;1.0
25.282;5.28;9.35;1.27;0.34;4.7;2.23;3.88;0.7;0.95;0.88;0.0;7.31;7.44;7.5;180305_011655;5.25;3.23;1.87;8.42;1.17;1.11
25.332;6.32;10.3;1.27;0.38;5.2;2.45;3.88;0.7;0.99;0.88;0.0;8.89;8.62;8.58;180305_011955;5.65;3.48;1.97;8.88;1.24;1.17
25.382;7.27;11.1;1.27;0.47;6.26;2.56;6.17;0.72;1.08;1.03;0.0;9.34;9.21;9.51;180305_012255;6.3;3.6;2.36;9.62;1.71;1.41
25.434;7.58;11.69;1.78;0.51;7.71;2.83;6.97;0.79;1.2;1.03;0.0;9.72;9.71;9.95;180305_012601;6.64;3.84;2.95;10.45;2.48;1.44
25.484;8.05;12.49;1.78;0.53;7.77;3.1;6.97;0.85;1.41;1.17;0.0;10.42;10.52;10.57;180305_012902;7.0;4.15;3.64;10.7;2.93;1.45
25.534;8.65;13.0;1.78;0.55;8.55;3.32;7.46;0.94;1.57;1.17;0.0;11.5;12.04;11.13;180305_013202;7.26;4.21;4.23;12.26;3.2;1.52
25.584;8.98;13.73;1.78;0.57;9.5;3.59;7.66;1.06;1.66;1.17;0.0;12.07;12.54;11.98;180305_013502;7.5;4.39;4.33;14.2;3.25;1.69
25.634;10.0;14.76;1.78;0.62;10.62;4.08;10.15;1.34;1.74;1.17;0.0;13.02;15.02;12.79;180305_013803;7.83;5.67;5.02;15.0;3.63;1.86
25.684;10.62;15.63;2.03;0.64;11.01;4.46;10.15;1.38;1.95;1.17;0.0;13.53;15.66;13.62;180305_014103;8.94;6.22;5.51;16.23;4.07;2.3
25.782;13.19;18.26;2.03;0.79;11.74;4.9;14.03;1.57;2.15;1.62;0.0;14.61;18.44;15.18;180305_014656;10.92;6.83;6.59;18.29;4.84;2.64
25.816;16.03;18.63;2.03;0.81;12.02;5.33;15.72;1.59;2.19;1.76;0.0;14.93;19.55;15.76;180305_014857;11.19;6.83;7.19;18.65;4.97;2.9
25.849;16.1;19.58;2.03;0.81;12.69;5.44;17.11;1.93;3.06;1.91;0.0;15.06;19.83;16.16;180305_015057;11.47;7.75;8.37;19.48;5.89;3.2
25.883;16.41;20.31;2.03;0.81;13.36;5.93;18.71;2.21;3.44;2.64;0.0;15.63;20.16;16.37;180305_015258;11.77;8.05;8.46;20.24;6.09;3.44
25.916;18.0;21.18;2.03;0.81;14.09;6.8;19.0;2.34;3.64;2.64;0.0;16.01;20.84;16.88;180305_015458;12.38;8.05;8.76;20.87;6.18;3.59
25.95;18.78;22.21;2.28;0.87;14.81;7.83;20.3;5.02;3.81;2.94;0.0;17.47;22.1;17.55;180305_015659;13.44;8.18;9.94;21.31;6.93;3.79
25.983;18.78;22.21;2.28;0.87;14.81;7.83;20.3;5.02;3.81;2.94;0.0;17.47;22.1;17.55;180305_015900;13.44;8.18;9.94;21.31;6.93;3.79
26.017;19.2;23.08;2.28;0.95;15.93;8.22;20.4;6.49;4.1;2.94;0.0;17.79;22.61;18.17;180305_020100;13.92;8.6;10.14;21.97;7.2;3.91
26.05;19.89;24.03;2.28;1.02;16.27;8.49;21.09;6.55;4.39;3.23;0.0;19.19;23.14;18.63;180305_020300;14.21;8.97;10.24;22.14;7.45;4.38
26.084;20.73;25.27;2.79;1.06;32.48;9.09;21.79;6.95;4.64;3.23;0.0;20.78;23.93;19.09;180305_020501;14.62;9.27;10.73;23.04;8.45;4.83
26.117;20.73;25.27;2.79;1.06;32.48;9.09;21.79;6.95;4.64;3.23;0.0;20.78;23.93;19.09;180305_020702;14.62;9.27;10.73;23.04;8.45;4.83
26.151;22.39;26.22;3.05;1.06;36.78;9.41;23.28;7.21;6.04;4.41;0.0;21.6;25.32;19.79;180305_020902;15.05;9.46;10.93;23.68;10.08;5.26
26.184;23.1;27.47;3.55;1.08;37.34;9.79;23.58;7.74;6.29;4.85;0.0;22.05;26.78;20.81;180305_021103;15.6;10.01;11.81;24.96;10.66;6.18
26.217;23.1;27.47;3.55;1.08;37.34;9.79;23.58;7.74;6.29;4.85;0.0;22.05;26.78;20.81;180305_021303;15.6;10.01;11.81;24.96;10.66;6.18
26.251;24.41;28.71;4.31;1.08;38.74;10.39;24.78;8.15;6.75;5.73;0.0;22.43;27.39;21.31;180305_021504;16.68;10.19;12.4;25.68;11.67;6.96
26.284;24.41;28.71;4.31;1.08;38.74;10.39;24.78;8.15;6.75;5.73;0.0;22.43;27.39;21.31;180305_021704;16.68;10.19;12.4;25.68;11.67;6.96
26.318;25.1;29.88;4.57;1.12;39.02;11.43;25.27;8.83;7.28;6.02;0.0;24.65;29.82;22.64;180305_021905;17.75;12.2;12.8;26.48;12.3;8.02
26.351;25.1;29.88;4.57;1.12;39.02;11.43;25.27;8.83;7.28;6.02;0.0;24.65;29.82;22.64;180305_022105;17.75;12.2;12.8;26.48;12.3;8.02
26.385;26.5;31.19;4.57;1.23;39.69;12.3;32.64;9.31;7.45;6.61;0.0;27.13;30.8;23.68;180305_022306;18.45;12.93;13.19;27.12;13.16;9.58
26.42;26.5;31.19;4.57;1.23;39.69;12.3;32.64;9.31;7.45;6.61;0.0;27.13;30.8;23.68;180305_022512;18.45;12.93;13.19;27.12;13.16;9.58
26.454;26.5;31.19;4.57;1.23;39.69;12.3;32.64;9.31;7.45;6.61;0.0;27.13;30.8;23.68;180305_022713;18.45;12.93;13.19;27.12;13.16;9.58
26.487;28.51;32.87;5.58;1.31;40.97;13.6;33.63;10.06;8.32;9.1;0.0;28.21;31.84;24.84;180305_022913;20.29;13.54;13.58;28.66;14.48;10.64
26.52;28.51;32.87;5.58;1.31;40.97;13.6;33.63;10.06;8.32;9.1;0.0;28.21;31.84;24.84;180305_023113;20.29;13.54;13.58;28.66;14.48;10.64
26.554;30.27;35.14;5.58;1.61;41.42;14.85;33.73;10.82;8.65;11.89;0.0;29.67;35.63;27.19;180305_023314;22.06;14.28;14.17;29.96;16.57;11.12
26.587;30.27;35.14;5.58;1.61;41.42;14.85;33.73;10.82;8.65;11.89;0.0;29.67;35.63;27.19;180305_023514;22.06;14.28;14.17;29.96;16.57;11.12
26.621;30.27;35.14;5.58;1.61;41.42;14.85;33.73;10.82;8.65;11.89;0.0;29.67;35.63;27.19;180305_023715;22.06;14.28;14.17;29.96;16.57;11.12
26.654;32.97;37.33;6.09;1.72;42.59;16.16;34.73;12.27;9.15;13.07;0.0;31.26;39.45;28.33;180305_023916;23.03;15.44;14.67;31.12;19.0;11.6
26.688;32.97;37.33;6.09;1.72;42.59;16.16;34.73;12.27;9.15;13.07;0.0;31.26;39.45;28.33;180305_024116;23.03;15.44;14.67;31.12;19.0;11.6
26.721;32.97;37.33;6.09;1.72;42.59;16.16;34.73;12.27;9.15;13.07;0.0;31.26;39.45;28.33;180305_024317;23.03;15.44;14.67;31.12;19.0;11.6
26.755;32.97;37.33;6.09;1.72;42.59;16.16;34.73;12.27;9.15;13.07;0.0;31.26;39.45;28.33;180305_024517;23.03;15.44;14.67;31.12;19.0;11.6
26.788;32.97;37.33;6.09;1.72;42.59;16.16;34.73;12.27;9.15;13.07;0.0;31.26;39.45;28.33;180305_024718;23.03;15.44;14.67;31.12;19.0;11.6
26.822;32.97;37.33;6.09;1.72;42.59;16.16;34.73;12.27;9.15;13.07;0.0;31.26;39.45;28.33;180305_024919;23.03;15.44;14.67;31.12;19.0;11.6
26.855;32.97;37.33;6.09;1.72;42.59;16.16;34.73;12.27;9.15;13.07;0.0;31.26;39.45;28.33;180305_025119;23.03;15.44;14.67;31.12;19.0;11.6
26.889;32.97;37.33;6.09;1.72;42.59;16.16;34.73;12.27;9.15;13.07;0.0;31.26;39.45;28.33;180305_025320;23.03;15.44;14.67;31.12;19.0;11.6
26.922;35.85;40.98;8.88;1.91;43.49;17.79;36.52;13.38;11.55;15.27;0.66;35.39;41.45;30.63;180305_025520;25.28;19.1;15.26;33.49;21.26;12.51
26.956;35.85;40.98;8.88;1.91;43.49;17.79;36.52;13.38;11.55;15.27;0.66;35.39;41.45;30.63;180305_025720;25.28;19.1;15.26;33.49;21.26;12.51
26.989;35.85;40.98;8.88;1.91;43.49;17.79;36.52;13.38;11.55;15.27;0.66;35.39;41.45;30.63;180305_025921;25.28;19.1;15.26;33.49;21.26;12.51
27.023;35.85;40.98;8.88;1.91;43.49;17.79;36.52;13.38;11.55;15.27;0.66;35.39;41.45;30.63;180305_030122;25.28;19.1;15.26;33.49;21.26;12.51
27.056;35.85;40.98;8.88;1.91;43.49;17.79;36.52;13.38;11.55;15.27;0.66;35.39;41.45;30.63;180305_030322;25.28;19.1;15.26;33.49;21.26;12.51
27.09;35.85;40.98;8.88;1.91;43.49;17.79;36.52;13.38;11.55;15.27;0.66;35.39;41.45;30.63;180305_030523;25.28;19.1;15.26;33.49;21.26;12.51
27.123;35.85;40.98;8.88;1.91;43.49;17.79;36.52;13.38;11.55;15.27;0.66;35.39;41.45;30.63;180305_030723;25.28;19.1;15.26;33.49;21.26;12.51
27.157;43.99;48.21;11.68;2.31;47.29;23.61;42.29;20.78;16.35;20.7;0.66;41.55;45.98;35.72;180305_030924;28.99;22.21;19.49;40.37;28.66;17.96
27.19;43.99;48.21;11.68;2.31;47.29;23.61;42.29;20.78;16.35;20.7;0.66;41.55;45.98;35.72;180305_031124;28.99;22.21;19.49;40.37;28.66;17.96
27.224;47.34;52.23;15.23;2.8;49.02;29.22;48.36;22.33;20.03;23.2;0.66;44.66;49.32;39.48;180305_031325;32.01;24.1;20.57;42.5;30.8;20.24
27.257;47.76;53.83;17.77;2.84;55.56;30.52;48.96;23.12;20.41;23.49;0.66;46.32;52.4;40.64;180305_031525;33.63;27.82;22.93;43.43;33.18;21.43
27.291;48.16;54.2;17.77;2.86;55.67;30.96;48.96;23.14;21.36;23.49;0.66;47.01;52.45;40.93;180305_031726;34.04;27.82;23.23;44.0;33.36;21.82
27.324;48.49;55.0;17.77;2.93;55.79;31.61;53.43;23.41;21.4;23.49;0.66;47.27;52.91;41.58;180305_031926;34.47;28.13;23.23;44.67;34.13;22.23
27.358;48.89;55.66;17.77;3.03;56.46;32.05;54.63;23.84;21.81;23.79;0.66;47.71;53.97;42.33;180305_032127;34.78;28.37;23.92;44.84;34.6;23.2
27.391;49.09;56.03;18.27;3.22;58.69;33.13;55.12;25.05;23.39;27.61;0.66;52.16;54.12;43.2;180305_032327;35.17;28.55;24.31;45.6;35.49;23.98
27.424;49.78;56.76;18.78;3.24;58.69;33.41;55.42;25.31;23.92;27.75;0.66;52.48;54.32;43.61;180305_032528;35.5;28.68;24.8;46.06;36.36;24.33
27.458;50.27;56.83;18.78;3.31;60.65;33.41;55.52;25.67;24.21;27.75;0.66;52.6;54.5;44.09;180305_032728;35.72;28.74;25.2;46.36;37.13;24.94
27.491;51.02;58.14;20.05;3.37;61.6;34.0;56.22;25.99;24.92;28.05;0.66;53.24;55.46;45.34;180305_032929;36.15;29.65;25.49;46.95;37.83;25.88
27.525;51.57;58.51;20.05;3.42;61.71;34.28;56.52;26.35;25.29;28.05;0.66;53.43;56.15;45.96;180305_033129;36.94;29.77;25.98;47.35;38.2;26.31
27.558;52.48;58.8;20.56;3.44;61.71;35.2;56.52;27.31;25.75;29.66;0.66;56.42;56.93;47.19;180305_033330;37.56;31.24;26.67;48.49;38.77;27.05
27.592;52.86;58.95;20.81;3.5;62.05;35.58;56.62;27.61;25.99;31.86;0.66;56.67;58.35;47.56;180305_033530;37.85;31.24;27.85;48.74;39.12;27.4
27.625;53.02;59.46;20.81;3.61;62.05;35.64;56.62;27.65;26.45;33.77;0.66;56.67;58.52;48.16;180305_033731;38.14;31.3;28.74;49.29;39.2;27.77
27.659;53.7;59.82;22.08;3.61;62.33;36.02;57.91;27.88;26.99;33.77;0.66;57.12;58.9;49.14;180305_033931;38.76;32.52;28.94;49.69;39.62;28.62
27.692;54.04;60.19;22.08;3.63;62.33;36.34;58.01;29.03;26.99;34.07;0.66;57.94;59.89;49.64;180305_034132;39.58;32.52;28.94;50.31;40.69;29.4
27.726;54.21;60.19;22.59;3.69;62.38;36.56;58.31;30.14;27.11;34.07;0.66;58.26;60.27;50.53;180305_034332;40.28;33.56;29.53;50.71;40.88;29.8
27.759;54.37;60.19;23.35;3.78;62.38;36.89;58.61;30.35;27.4;34.07;0.66;58.96;60.47;51.24;180305_034533;40.66;33.62;29.72;51.09;42.35;30.07
27.793;54.72;60.63;23.35;3.78;62.77;37.11;58.71;30.5;27.61;34.07;0.66;59.15;61.36;51.71;180305_034733;40.92;33.98;30.02;51.4;42.8;30.27
27.826;54.83;60.85;23.35;3.9;63.0;37.27;58.81;30.82;28.02;34.95;0.66;61.63;61.91;52.13;180305_034934;41.4;34.59;31.69;51.74;43.37;30.31
27.86;55.61;61.8;23.35;3.94;63.78;38.3;59.4;32.03;28.89;35.39;0.66;62.07;62.34;52.79;180305_035135;41.88;34.59;32.58;52.31;43.59;30.79
27.893;55.74;61.87;23.86;3.94;63.78;38.74;60.5;32.54;29.14;35.54;0.66;62.58;62.34;53.04;180305_035335;41.97;34.72;32.78;52.67;43.82;31.07
27.927;56.16;62.09;24.11;3.94;63.78;39.06;61.0;33.14;29.72;35.54;0.66;64.04;62.82;53.98;180305_035536;42.95;34.9;33.86;53.05;44.66;31.77
27.96;57.05;63.55;24.62;3.99;64.73;39.77;61.0;33.73;29.8;36.12;0.66;64.61;63.53;54.68;180305_035736;43.43;35.81;35.14;53.24;46.42;32.48
27.994;57.36;63.84;25.13;4.01;65.4;40.37;61.0;33.88;30.22;36.71;0.66;65.31;63.81;55.12;180305_035937;43.65;38.56;35.33;53.72;48.41;32.97
28.027;57.49;64.28;25.13;10.86;66.85;44.29;62.19;34.39;31.04;37.89;0.66;65.37;64.04;56.47;180305_040137;44.27;40.21;37.11;54.06;49.06;33.64
28.061;57.54;64.65;25.38;10.94;67.86;46.03;62.69;34.47;31.13;38.18;0.66;65.82;64.92;56.7;180305_040338;44.59;40.27;37.7;54.51;49.48;33.88
28.094;57.74;64.94;25.38;10.94;67.86;46.63;62.99;34.54;31.17;39.79;0.66;66.33;65.86;57.15;180305_040538;44.92;40.27;37.89;54.82;49.6;34.31
28.128;58.98;66.69;26.4;11.01;68.59;46.9;62.99;34.99;31.37;39.79;0.66;66.52;67.12;57.69;180305_040739;45.09;40.76;38.48;55.37;49.75;34.88
28.161;59.49;66.98;26.9;11.45;68.75;47.01;64.18;35.11;31.54;40.97;0.66;66.9;67.3;58.36;180305_040939;45.35;41.06;39.17;55.71;50.07;35.46
28.194;59.89;67.42;27.66;15.97;68.75;47.33;64.68;35.11;31.62;40.97;0.66;67.28;67.55;59.09;180305_041140;45.67;41.61;40.06;56.34;51.34;36.0
28.228;60.31;67.64;28.43;16.14;68.75;47.39;65.17;35.28;32.08;41.7;0.66;67.66;67.65;60.0;180305_041340;45.83;41.61;40.06;56.55;51.86;36.52
28.261;60.64;67.86;29.44;16.16;71.66;47.5;65.17;35.39;32.33;42.58;0.66;69.19;68.06;60.48;180305_041541;46.89;41.73;40.75;56.93;52.21;36.89
28.295;60.71;68.01;29.7;23.41;71.66;48.04;65.17;36.32;35.51;44.2;0.66;70.14;68.44;60.98;180305_041742;47.27;42.1;41.24;57.29;53.65;37.47
28.329;61.64;68.66;30.46;23.5;72.39;49.29;65.37;37.66;35.55;44.93;0.66;70.27;69.15;61.91;180305_041943;48.59;42.65;41.63;57.61;54.57;37.94
28.362;63.5;69.17;31.22;23.61;72.44;49.4;65.47;37.94;35.68;45.96;0.66;70.27;69.15;62.89;180305_042144;48.94;45.82;42.32;58.13;55.22;38.28
28.396;63.68;69.25;31.22;31.84;72.78;49.62;65.97;38.35;35.8;48.02;0.66;70.58;69.4;63.7;180305_042344;49.19;46.43;42.32;58.39;56.14;38.83
28.429;63.73;69.76;32.23;32.02;72.83;49.78;65.97;38.64;35.8;48.31;0.66;70.9;69.88;64.3;180305_042545;49.38;46.74;42.91;58.68;56.78;39.37
28.463;64.12;70.12;33.25;32.2;72.83;50.22;67.06;38.86;35.93;48.46;0.66;71.54;70.81;64.59;180305_042746;49.88;47.04;44.49;58.85;57.48;39.79
28.496;64.52;70.85;38.07;39.15;74.96;50.6;67.06;38.98;36.01;48.46;0.66;71.6;70.81;64.88;180305_042946;50.22;47.65;44.69;59.44;58.4;40.33
28.53;64.66;71.29;38.83;39.47;74.96;50.71;67.06;39.2;36.13;48.75;0.66;72.49;70.99;65.92;180305_043147;50.43;47.83;44.98;59.89;58.69;41.28
28.563;65.1;71.44;40.1;39.75;75.07;51.52;67.06;39.43;37.0;49.34;0.66;73.06;71.5;67.29;180305_043347;50.98;48.14;45.77;60.31;59.09;41.99
28.597;65.43;71.66;40.1;39.91;75.85;51.8;67.36;40.41;37.38;49.34;0.66;73.76;72.1;67.52;180305_043548;51.2;48.2;46.36;60.77;59.29;42.34
28.63;65.9;72.17;40.86;39.92;76.8;52.12;67.36;40.79;37.79;49.63;0.66;74.59;72.48;67.93;180305_043748;51.89;48.69;46.46;62.21;59.49;43.1
28.664;66.63;72.61;41.37;40.0;77.08;52.29;67.56;40.88;38.2;50.66;0.66;74.65;72.76;68.91;180305_043949;52.15;49.36;46.75;62.63;59.54;43.62
28.697;67.1;72.68;41.88;40.06;77.31;52.39;68.56;41.75;38.53;51.4;0.66;75.03;72.81;69.51;180305_044149;52.37;49.97;46.75;63.18;59.86;44.1
28.731;67.92;72.75;42.39;40.15;77.47;52.77;68.86;42.13;38.66;51.54;0.66;75.98;74.33;70.05;180305_044350;52.73;50.34;46.85;63.45;60.46;45.14
28.811;68.25;73.48;45.18;40.64;78.42;53.21;70.15;43.3;39.9;52.13;0.66;76.37;74.91;70.82;180305_044841;53.72;51.01;47.64;65.1;61.25;46.45
28.878;68.65;73.92;46.19;41.31;78.81;53.97;70.15;44.71;43.79;53.01;0.66;77.06;75.75;71.8;180305_045241;54.69;51.19;48.43;66.13;62.97;47.48
28.945;68.96;74.58;46.95;41.46;78.81;54.24;70.15;46.15;45.03;56.24;0.66;77.32;77.29;72.15;180305_045642;55.36;51.43;48.52;66.83;63.76;48.26
29.012;69.73;75.46;47.97;41.61;79.09;54.68;71.94;46.41;45.65;60.06;0.66;77.38;77.87;73.98;180305_050042;56.64;52.17;49.11;67.59;64.11;49.81
29.079;70.6;75.97;48.48;41.82;79.99;56.15;73.03;47.36;46.11;62.11;0.66;77.45;78.78;74.93;180305_050443;57.28;52.65;50.49;68.24;65.87;50.22
29.146;70.82;76.63;48.48;41.97;80.32;57.02;73.03;48.34;46.73;64.32;0.66;77.7;79.08;75.72;180305_050844;59.17;52.96;50.79;68.79;66.29;50.88
29.212;72.22;77.28;48.73;44.01;80.44;57.78;73.03;48.66;47.1;65.93;0.66;78.08;79.87;75.87;180305_051244;59.97;53.33;50.89;69.61;67.64;51.63
29.279;72.86;78.82;50.25;44.2;80.44;58.54;73.13;50.04;48.59;66.23;0.66;78.27;79.94;77.26;180305_051645;60.61;54.42;53.74;70.48;69.35;52.91
29.346;72.9;78.96;50.25;44.2;80.44;58.6;74.03;50.3;48.68;66.23;0.66;78.46;79.94;77.78;180305_052045;61.02;54.61;54.23;70.61;70.52;53.83
29.413;73.17;79.4;52.79;45.05;80.66;58.81;75.02;50.43;49.17;66.81;0.66;78.84;80.35;78.65;180305_052446;61.28;55.09;55.91;71.94;71.36;54.32
29.48;74.88;80.42;54.31;47.27;80.99;59.14;75.72;50.47;50.58;67.69;0.66;79.03;81.84;79.77;180305_052847;61.81;55.89;56.3;72.17;72.53;55.04
29.546;75.52;81.01;54.57;47.57;81.33;59.63;77.91;50.72;51.24;68.28;0.66;80.24;83.66;81.27;180305_053247;62.68;56.86;59.74;73.14;73.3;56.77
29.613;76.27;81.3;61.42;47.81;83.01;60.61;78.11;52.13;52.24;70.04;0.66;80.75;84.17;81.95;180305_053648;63.97;57.54;61.71;74.61;73.89;57.6
29.68;76.41;81.3;61.42;49.73;83.45;61.21;78.11;52.28;52.65;70.04;0.66;81.07;84.37;82.26;180305_054049;64.62;57.66;70.47;75.29;74.14;57.81
29.747;76.61;81.59;63.71;51.81;83.73;65.56;79.2;53.19;52.73;70.48;0.66;81.26;85.36;82.7;180305_054449;65.09;59.18;72.05;75.99;74.66;59.01
29.814;79.93;82.32;63.71;53.74;84.13;65.89;80.1;53.78;53.1;72.1;0.66;82.78;85.43;83.22;180305_054849;65.67;60.16;72.74;77.15;75.14;60.11
29.882;80.8;82.62;64.97;53.81;84.24;66.0;80.3;54.15;53.31;74.3;0.66;83.48;85.43;83.51;180305_055256;65.98;60.28;73.23;77.95;75.51;60.6
29.965;81.13;86.78;64.97;53.91;84.24;66.05;81.39;54.38;54.22;74.6;0.66;85.26;85.76;83.59;180305_055754;66.65;61.5;73.43;78.46;75.93;61.46
30.048;81.95;86.85;65.23;54.21;84.24;67.08;82.69;55.55;55.17;75.18;0.66;85.39;87.56;84.74;180305_060254;67.4;62.23;74.02;78.92;76.73;61.95
30.132;82.39;86.85;66.75;54.49;84.57;71.65;82.99;55.76;57.16;75.33;0.66;85.58;88.04;85.13;180305_060755;67.9;62.36;74.51;79.85;77.42;62.66
30.215;82.57;87.8;68.78;55.21;84.91;71.65;82.99;57.3;57.62;75.77;0.66;85.71;88.04;85.25;180305_061255;68.13;62.6;74.51;84.43;77.79;63.13
30.299;82.75;88.24;68.78;55.46;86.19;72.03;82.99;57.87;58.65;75.77;0.66;86.66;88.04;86.36;180305_061756;68.31;62.9;75.2;85.55;78.34;64.14
30.382;83.79;88.39;70.3;55.69;87.87;72.03;91.14;58.15;59.19;75.77;0.66;88.31;88.06;87.0;180305_062256;68.64;63.03;79.63;85.74;78.64;65.23
30.466;84.19;88.53;70.3;55.69;87.87;72.69;91.24;59.14;59.19;76.06;13.25;88.5;88.9;87.12;180305_062757;69.1;63.51;79.82;86.09;78.66;65.51
30.549;84.24;88.6;70.81;55.89;88.15;72.69;91.24;59.14;59.35;76.21;22.52;88.63;88.9;87.23;180305_063258;69.29;64.06;79.82;86.37;78.79;65.56
30.633;84.24;88.9;70.81;56.06;88.15;72.69;91.24;59.17;59.35;77.09;36.42;88.75;88.97;87.31;180305_063758;69.55;64.73;79.82;86.79;78.81;65.93
30.716;84.57;89.26;71.57;56.23;88.15;72.85;91.24;60.17;60.02;77.09;36.42;88.88;89.38;87.5;180305_064259;70.13;66.08;79.92;86.85;79.06;66.53
30.8;84.75;89.92;73.86;56.5;88.15;73.45;91.24;60.7;60.89;77.53;36.42;89.9;89.66;88.33;180305_064759;70.75;67.05;81.4;87.34;79.28;67.76
30.883;84.75;89.92;74.37;57.29;88.15;74.27;91.24;61.06;61.26;78.41;36.42;90.09;89.83;88.58;180305_065300;71.18;67.24;81.4;87.61;79.83;68.28
30.967;84.75;89.92;74.87;57.63;88.15;74.32;91.24;61.1;61.26;78.71;36.42;90.09;90.19;88.85;180305_065800;71.27;67.48;81.4;87.72;80.43;68.57
31.05;84.75;89.92;74.87;57.63;88.15;74.32;91.24;61.1;61.26;78.71;36.42;90.09;90.19;88.85;180305_070301;71.27;67.48;81.4;87.72;80.43;68.57
31.134;84.75;90.21;76.14;59.26;88.43;76.61;91.94;61.66;61.88;78.71;36.42;90.79;90.52;89.68;180305_070801;72.4;69.68;82.09;88.48;80.97;69.42
31.217;85.41;90.58;76.14;59.49;88.43;76.61;91.94;62.23;62.38;78.85;36.42;91.17;90.77;89.78;180305_071302;72.45;72.85;82.09;88.58;81.0;71.07
31.301;85.81;91.96;77.92;62.12;88.49;77.42;91.94;66.57;64.11;79.3;36.42;92.44;90.97;90.32;180305_071802;73.09;74.44;83.27;91.03;82.46;72.0
31.384;86.47;92.7;77.92;62.18;88.49;77.8;91.94;67.12;64.69;80.62;36.42;93.2;90.97;91.03;180305_072303;73.76;75.11;83.37;91.24;82.79;72.84
31.467;86.94;92.77;78.68;63.95;88.76;77.86;91.94;67.38;65.31;81.5;36.42;93.27;91.0;91.63;180305_072803;74.27;75.23;83.37;91.73;83.21;73.13
31.551;86.94;92.91;78.68;64.62;88.76;78.02;91.94;68.1;65.52;81.79;36.42;93.27;91.15;91.63;180305_073304;74.96;75.53;83.56;92.19;83.31;73.84
31.634;87.67;92.99;78.93;66.45;88.88;79.82;92.14;70.4;66.39;83.99;36.42;94.92;91.65;92.07;180305_073804;75.97;76.45;84.45;93.27;85.32;75.0
31.718;88.25;93.06;78.93;66.87;88.88;80.25;92.24;71.05;66.97;84.58;100.0;95.49;91.83;92.29;180305_074305;76.74;76.94;84.45;93.48;85.79;75.07
31.801;88.43;93.06;78.93;66.87;88.88;80.25;92.24;71.05;66.97;84.58;100.0;95.49;91.83;92.36;180305_074805;76.74;76.94;84.45;93.48;86.14;75.07
31.885;88.51;95.69;79.7;67.44;88.88;81.56;92.24;72.01;68.21;87.08;100.0;95.74;91.88;92.81;180305_075306;78.24;77.36;85.73;93.61;86.61;75.71
31.969;88.54;95.76;79.7;67.55;88.88;81.72;92.34;72.12;70.16;87.08;100.0;95.81;92.21;93.44;180305_075807;78.49;77.36;85.93;93.84;88.1;76.17
32.052;88.96;95.76;80.2;67.63;88.88;82.43;93.73;72.42;70.65;87.22;100.0;96.51;93.8;94.41;180305_080307;78.9;77.55;85.93;94.68;88.43;76.29
32.136;89.07;95.76;80.2;69.67;89.94;82.43;93.73;72.78;72.39;87.22;100.0;96.51;93.88;94.41;180305_080808;79.39;77.61;85.93;94.96;88.85;76.68
32.221;89.07;96.13;80.2;69.67;89.94;82.59;93.73;72.9;72.89;87.22;100.0;97.71;93.93;94.45;180305_081314;79.88;77.61;85.93;94.96;90.06;76.92
32.304;89.11;96.57;80.2;70.03;89.94;82.86;93.73;73.67;74.17;87.81;100.0;97.78;94.11;94.85;180305_081815;80.57;77.61;85.93;95.19;90.41;77.08
32.388;89.11;96.57;80.2;70.31;89.94;82.86;93.73;73.67;74.17;88.4;100.0;97.78;94.21;94.85;180305_082315;80.57;77.61;85.93;95.19;90.46;77.1
32.471;89.11;96.57;80.2;70.31;89.94;82.86;93.73;73.67;74.38;88.4;100.0;97.78;94.21;94.85;180305_082816;80.57;77.61;85.93;95.19;90.46;77.1
32.555;89.11;96.93;80.2;70.33;89.94;82.86;93.73;74.01;74.75;88.4;100.0;97.78;94.21;94.85;180305_083317;80.76;77.61;85.93;95.21;90.46;77.16
32.638;89.11;96.93;80.2;70.33;89.94;82.86;93.73;74.01;74.75;88.4;100.0;97.78;94.21;94.85;180305_083817;80.76;77.61;85.93;95.21;90.46;77.16
32.722;89.11;97.01;82.23;71.54;89.94;84.28;95.42;77.01;75.37;88.4;100.0;97.9;95.25;95.41;180305_084318;82.58;77.73;85.93;95.25;90.88;78.04
32.805;89.11;97.08;82.23;72.41;97.93;85.53;95.42;78.43;75.87;88.55;100.0;98.03;95.25;95.47;180305_084819;83.83;78.22;85.93;95.44;91.03;79.94
32.889;89.11;97.08;82.23;72.56;97.93;85.53;95.42;79.07;75.91;88.55;100.0;98.03;95.25;95.1;180305_085319;84.23;78.4;87.99;95.8;91.11;80.26
32.972;89.33;97.15;82.23;73.28;97.93;85.53;96.42;79.39;76.7;88.55;100.0;98.03;95.27;95.33;180305_085820;84.81;79.07;87.99;95.8;91.48;80.44
33.056;89.33;97.15;82.23;73.59;97.93;85.53;96.42;79.39;76.95;88.55;100.0;98.03;95.27;95.33;180305_090320;85.12;79.07;87.99;95.8;91.8;80.5
33.139;96.96;97.74;82.23;74.15;97.99;86.18;96.42;79.39;77.86;88.55;100.0;98.16;95.47;95.93;180305_090821;85.74;79.5;87.99;96.03;91.98;81.3
33.224;96.96;97.74;82.23;74.25;97.99;86.18;96.42;80.03;78.06;88.55;100.0;98.16;95.47;95.93;180305_091327;85.74;79.5;87.99;96.1;91.98;81.7
33.308;96.96;97.81;85.03;75.52;97.99;86.18;96.42;80.03;78.89;88.84;100.0;98.16;95.6;96.18;180305_091828;86.03;79.68;87.99;96.1;92.1;82.13
33.391;96.98;97.81;86.29;76.73;97.99;86.34;96.42;80.43;79.72;88.84;100.0;98.16;95.62;96.18;180305_092328;86.78;80.9;88.78;96.31;92.32;83.3
33.475;98.6;99.71;89.59;78.26;98.88;89.28;100.0;83.35;83.57;90.9;100.0;99.81;98.28;98.07;180305_092829;88.6;85.85;90.75;98.8;95.06;85.36
33.558;98.6;99.71;89.59;78.81;98.88;91.02;100.0;83.73;84.02;96.18;100.0;99.81;98.94;98.09;180305_093330;89.29;86.33;90.75;98.94;95.11;85.52
33.642;98.6;99.71;89.59;79.19;98.88;91.24;100.0;84.26;84.31;96.18;100.0;99.81;98.94;98.09;180305_093830;89.53;86.33;91.04;98.94;95.13;85.53
33.725;98.6;99.71;89.59;79.24;98.88;91.24;100.0;85.5;84.85;96.33;100.0;99.81;98.94;98.09;180305_094331;89.56;87.19;93.5;98.97;95.16;85.97
33.809;98.6;99.71;89.59;79.96;98.88;91.84;100.0;86.3;85.06;96.33;100.0;99.81;98.99;98.28;180305_094831;90.87;87.19;94.09;99.09;95.21;86.13
33.892;98.6;99.71;90.86;80.21;98.88;91.89;100.0;87.35;85.6;96.33;100.0;99.81;98.99;98.28;180305_095332;92.07;87.19;94.09;99.11;95.23;86.43
33.976;98.6;99.93;90.86;80.68;98.88;91.95;100.0;87.35;86.18;96.33;100.0;99.81;98.99;98.28;180305_095833;92.21;87.8;94.09;99.35;95.31;86.52
34.059;98.6;99.93;90.86;80.98;98.88;92.0;100.0;87.47;86.75;96.33;100.0;99.81;98.99;98.28;180305_100333;92.53;87.8;94.09;99.35;95.6;86.82
34.143;98.6;99.93;90.86;81.48;98.88;92.27;100.0;87.58;87.13;96.33;100.0;99.81;99.11;98.65;180305_100834;93.37;87.8;94.09;99.35;95.6;87.06
34.226;98.6;99.93;90.86;81.95;98.88;92.49;100.0;88.18;87.5;96.62;100.0;99.81;99.11;98.65;180305_101335;93.44;87.8;94.09;99.35;95.65;87.62
34.31;98.6;99.93;91.37;82.27;98.88;93.25;100.0;88.18;87.62;96.62;100.0;99.81;99.11;98.82;180305_101835;93.44;87.8;94.09;99.35;96.17;87.8
34.393;98.85;100.0;91.37;82.31;98.88;93.25;100.0;88.18;87.62;96.92;100.0;99.81;99.11;98.82;180305_102336;93.65;87.8;94.09;99.35;96.2;88.36
34.477;98.87;100.0;95.43;82.88;98.88;93.25;100.0;88.18;87.87;96.92;100.0;99.81;99.37;98.88;180305_102836;93.68;87.8;94.09;99.35;96.2;88.62
34.56;98.87;100.0;95.43;83.2;98.88;93.25;100.0;88.18;87.96;98.68;100.0;99.81;99.37;98.88;180305_103337;93.72;88.77;94.09;99.35;96.22;88.99
34.644;98.87;100.0;95.43;83.29;98.88;93.25;100.0;89.01;88.29;98.68;100.0;99.81;99.37;98.88;180305_103838;93.75;89.44;94.09;99.51;96.22;89.87
34.727;98.87;100.0;95.43;83.9;98.88;93.25;100.0;89.01;88.29;98.68;100.0;99.81;99.37;98.88;180305_104338;94.13;90.18;94.39;99.56;96.22;90.17
34.811;98.87;100.0;95.43;84.54;98.88;93.36;100.0;89.34;88.95;98.68;100.0;99.81;99.37;98.88;180305_104840;94.64;90.18;94.98;99.56;96.27;90.45
34.894;98.89;100.0;95.43;85.13;98.88;93.42;100.0;89.88;89.53;98.68;100.0;99.81;99.37;98.88;180305_105340;94.64;90.67;94.98;99.56;96.27;90.79
34.978;98.89;100.0;96.7;85.73;98.88;94.29;100.0;91.39;90.69;98.68;100.0;99.81;99.37;98.88;180305_105841;94.99;92.98;95.37;99.56;96.27;91.24
35.061;98.89;100.0;96.7;85.83;98.88;95.7;100.0;91.39;90.89;98.68;100.0;99.81;99.37;98.88;180305_110341;95.23;92.98;95.47;99.56;96.27;91.41
35.145;98.89;100.0;96.7;87.17;98.88;95.7;100.0;91.62;91.31;98.68;100.0;99.81;99.37;98.88;180305_110842;95.4;92.98;95.47;99.56;96.27;91.76
35.229;98.89;100.0;96.7;87.46;98.88;95.7;100.0;92.28;92.63;98.83;100.0;99.81;99.37;98.88;180305_111343;95.47;92.98;95.47;99.56;96.27;92.09
35.312;98.89;100.0;96.7;87.64;98.88;95.76;100.0;92.28;92.88;98.83;100.0;99.81;99.37;98.88;180305_111844;95.47;92.98;95.47;99.56;96.27;92.32
35.396;98.89;100.0;96.7;88.65;98.88;95.76;100.0;92.28;92.88;98.83;100.0;99.87;99.37;98.88;180305_112344;95.47;93.23;95.47;99.98;99.75;92.81
35.479;98.89;100.0;98.73;88.65;98.88;95.76;100.0;92.54;93.0;98.83;100.0;99.87;99.37;98.88;180305_112845;95.47;93.23;95.47;99.98;99.78;93.15
35.563;99.62;100.0;98.73;89.91;99.16;95.76;100.0;92.54;93.25;99.12;100.0;99.87;99.37;98.92;180305_113345;95.9;94.14;95.47;99.98;100.07;93.61
35.646;99.62;100.0;98.98;90.16;99.16;95.76;100.0;93.02;93.25;99.12;100.0;99.94;99.37;98.92;180305_113846;96.02;94.94;95.96;99.98;100.1;94.02
35.729;99.62;100.0;98.98;90.5;100.0;95.76;100.0;93.02;97.19;99.12;100.0;99.94;99.37;98.92;180305_114346;96.02;94.94;95.96;99.98;100.1;94.34
35.813;99.62;100.0;98.98;90.61;100.0;95.76;100.0;93.02;97.19;99.12;100.0;99.94;99.37;99.19;180305_114847;96.02;94.94;95.96;99.98;100.1;94.4
35.897;99.62;100.0;98.98;90.61;100.0;95.76;100.0;93.02;97.19;99.12;100.0;99.94;99.37;99.19;180305_115348;96.02;94.94;95.96;99.98;100.1;94.4
35.98;99.62;100.0;98.98;90.65;100.0;95.97;100.0;93.02;97.19;99.12;100.0;99.94;99.37;99.19;180305_115848;96.12;94.94;95.96;99.98;99.75;94.69
36.064;99.62;100.0;98.98;91.22;100.0;95.97;100.0;93.51;97.72;99.12;100.0;99.94;99.42;99.27;180305_120349;97.68;94.94;95.96;99.98;99.83;95.3
36.147;99.62;100.0;98.98;91.22;100.0;95.97;100.0;93.51;98.01;99.12;100.0;99.94;99.97;99.27;180305_120850;97.94;94.94;95.96;99.98;99.95;96.0
36.231;99.62;100.0;98.98;91.22;100.0;96.35;100.0;93.51;98.01;99.12;100.0;100.0;99.97;99.27;180305_121350;97.94;95.18;95.96;100.0;99.95;96.27
36.314;99.62;100.0;98.98;91.22;100.0;96.35;100.0;94.39;98.01;99.12;100.0;100.0;99.97;99.27;180305_121851;97.94;96.1;96.26;100.0;99.95;96.38
36.398;99.62;100.0;98.98;91.22;100.0;99.46;100.0;94.39;98.01;99.12;100.0;100.0;99.97;99.27;180305_122351;97.99;96.1;99.41;100.0;99.95;96.6
36.481;99.62;100.0;98.98;91.22;100.0;99.46;100.0;94.39;98.01;99.12;100.0;100.0;99.97;99.27;180305_122852;97.99;96.1;99.41;100.0;99.95;96.6
36.565;99.62;100.0;98.98;91.47;100.0;99.46;100.0;94.94;98.22;99.12;100.0;100.0;99.97;99.27;180305_123353;98.28;96.1;99.41;100.0;99.95;96.85
36.648;99.62;100.0;98.98;92.37;100.0;99.51;100.0;95.15;98.22;99.12;100.0;100.0;99.97;99.27;180305_123853;98.28;96.1;99.41;100.0;99.95;97.58
36.732;99.62;100.0;100.0;92.37;100.0;99.62;100.0;95.15;98.22;99.27;100.0;100.0;99.97;99.27;180305_124354;98.28;96.46;99.41;100.0;99.95;97.73
36.815;99.62;100.0;100.0;92.37;100.0;99.62;100.0;95.15;98.22;99.27;100.0;100.0;99.97;99.27;180305_124854;98.28;96.46;99.41;100.0;99.95;97.96
36.899;99.62;100.0;100.0;92.54;100.0;99.62;100.0;95.15;98.22;99.27;100.0;100.0;99.97;99.31;180305_125355;98.28;96.46;99.41;100.0;99.95;98.08
36.982;99.62;100.0;100.0;92.54;100.0;99.62;100.0;95.17;98.22;99.71;100.0;100.0;99.97;99.31;180305_125856;98.32;96.46;99.41;100.0;99.95;98.16
37.066;99.62;100.0;100.0;92.68;100.0;99.62;100.0;96.04;98.22;99.71;100.0;100.0;99.97;99.31;180305_130356;98.39;96.46;99.41;100.0;99.95;98.33
37.149;99.62;100.0;100.0;92.77;100.0;99.62;100.0;96.04;98.63;99.71;100.0;100.0;99.97;99.31;180305_130857;98.39;96.46;99.41;100.0;100.0;98.42
37.233;99.65;100.0;100.0;93.0;100.0;99.62;100.0;96.04;98.63;99.71;100.0;100.0;99.97;99.31;180305_131358;98.39;96.46;99.41;100.0;100.0;98.46
37.316;99.65;100.0;100.0;92.96;100.0;99.62;100.0;96.04;98.63;99.71;100.0;100.0;99.97;99.31;180305_131858;98.39;97.13;99.41;100.0;100.0;98.52
37.4;99.65;100.0;100.0;93.11;100.0;99.67;100.0;96.04;98.63;99.85;100.0;100.0;99.97;99.31;180305_132359;98.59;97.13;99.41;100.0;100.0;98.54
37.483;99.65;100.0;100.0;93.68;100.0;99.67;100.0;96.13;98.76;99.85;100.0;100.0;99.97;99.31;180305_132859;98.63;97.13;99.41;100.0;100.0;98.91
37.567;99.65;100.0;100.0;93.89;100.0;99.67;100.0;96.53;98.76;99.85;100.0;100.0;99.97;99.31;180305_133400;98.82;97.13;100.0;100.0;100.0;98.92
37.65;99.65;100.0;100.0;93.87;100.0;99.67;100.0;96.53;98.76;99.85;100.0;100.0;99.97;99.31;180305_133900;98.82;99.76;100.0;100.0;100.0;99.15
37.734;99.65;100.0;100.0;93.85;100.0;99.67;100.0;96.53;98.76;99.85;100.0;100.0;99.97;99.34;180305_134401;99.02;99.76;100.0;100.0;100.0;99.3
37.817;99.65;100.0;100.0;93.96;100.0;99.73;100.0;97.3;98.76;99.85;100.0;100.0;99.97;99.34;180305_134902;99.16;100.0;100.0;100.0;100.0;99.35
37.901;99.65;100.0;100.0;94.17;100.0;99.73;100.0;97.3;98.76;99.85;100.0;100.0;99.97;99.34;180305_135402;99.16;100.0;100.0;100.0;100.0;99.35
37.984;99.65;100.0;100.0;94.34;100.0;99.73;100.0;99.55;98.76;100.0;100.0;100.0;99.97;99.34;180305_135903;99.16;100.0;100.0;100.0;100.0;99.37
38.068;99.65;100.0;100.0;94.53;100.0;99.84;100.0;99.55;98.76;100.0;100.0;100.0;99.97;99.58;180305_140404;99.85;100.0;100.0;100.0;100.0;99.49
38.151;99.65;100.0;100.0;94.83;100.0;99.84;100.0;99.55;98.76;100.0;100.0;100.0;99.97;99.58;180305_140904;99.85;100.0;100.0;100.0;100.0;99.72
38.235;99.65;100.0;100.0;94.85;100.0;99.84;100.0;99.55;98.76;100.0;100.0;100.0;99.97;100.0;180305_141405;99.95;100.0;100.0;100.0;100.0;99.74
38.318;99.65;100.0;100.0;94.89;100.0;99.89;100.0;99.55;98.76;100.0;100.0;100.0;99.97;100.0;180305_141906;99.95;100.0;100.0;100.0;100.0;99.77
38.402;99.65;100.0;100.0;95.02;100.0;99.89;100.0;99.55;98.76;100.0;100.0;100.0;99.97;100.0;180305_142407;99.95;100.0;100.0;100.0;100.0;99.77
38.488;99.65;100.0;100.0;95.02;100.0;99.89;100.0;99.55;99.67;100.0;100.0;100.0;99.97;100.0;180305_142915;99.95;100.0;100.0;100.0;100.0;99.77
38.571;99.65;100.0;100.0;95.02;100.0;99.89;100.0;99.55;99.67;100.0;100.0;100.0;99.97;100.0;180305_143416;100.0;100.0;100.0;100.0;100.0;99.77
38.654;99.65;100.0;100.0;95.14;100.0;99.89;100.0;99.7;99.67;100.0;100.0;100.0;99.97;100.0;180305_143916;100.0;100.0;100.0;100.0;100.0;99.77
38.738;99.65;100.0;100.0;95.19;100.0;99.89;100.0;99.83;99.67;100.0;100.0;100.0;99.97;100.0;180305_144417;100.0;100.0;100.0;100.0;100.0;99.77
38.822;99.65;100.0;100.0;95.27;100.0;99.89;100.0;99.83;99.67;100.0;100.0;100.0;99.97;100.0;180305_144918;100.0;100.0;100.0;100.0;100.0;99.82
38.905;99.65;100.0;100.0;95.27;100.0;99.89;100.0;99.83;99.67;100.0;100.0;100.0;99.97;100.0;180305_145418;100.0;100.0;100.0;100.0;100.0;99.82
38.989;99.65;100.0;100.0;95.53;100.0;99.89;100.0;100.0;99.67;100.0;100.0;100.0;99.97;100.0;180305_145919;100.0;100.0;100.0;100.0;100.0;99.82
39.072;99.65;100.0;100.0;95.93;100.0;99.89;100.0;100.0;99.67;100.0;100.0;100.0;99.97;100.0;180305_150420;100.0;100.0;100.0;100.0;100.0;99.82
39.156;99.65;100.0;100.0;95.93;100.0;99.89;100.0;100.0;99.67;100.0;100.0;100.0;99.97;100.0;180305_150920;100.0;100.0;100.0;100.0;100.0;99.82
39.239;99.65;100.0;100.0;96.25;100.0;99.89;100.0;100.0;99.67;100.0;100.0;100.0;99.97;100.0;180305_151421;100.0;100.0;100.0;100.0;100.0;99.82
39.317;99.65;100.0;100.0;96.25;100.0;99.89;100.0;100.0;99.67;100.0;100.0;100.0;99.97;100.0;180305_151900;100.0;100.0;100.0;100.0;100.0;99.82
39.35;99.65;100.0;100.0;96.35;100.0;99.89;100.0;100.0;99.67;100.0;100.0;100.0;99.97;100.0;180305_152101;100.0;100.0;100.0;100.0;100.0;99.82
39.384;99.65;100.0;100.0;96.35;100.0;99.89;100.0;100.0;99.67;100.0;100.0;100.0;99.97;100.0;180305_152302;100.0;100.0;100.0;100.0;100.0;99.82
39.419;99.65;100.0;100.0;96.35;100.0;99.89;100.0;100.0;99.67;100.0;100.0;100.0;99.97;100.0;180305_152509;100.0;100.0;100.0;100.0;100.0;99.86
39.453;99.65;100.0;100.0;96.33;100.0;99.89;100.0;100.0;99.67;100.0;100.0;100.0;99.97;100.0;180305_152710;100.0;100.0;100.0;100.0;100.0;99.86
39.486;99.65;100.0;100.0;96.27;100.0;99.89;100.0;100.0;99.67;100.0;100.0;100.0;99.97;100.0;180305_152911;100.0;100.0;100.0;100.0;100.0;99.86
39.52;99.65;100.0;100.0;96.33;100.0;99.89;100.0;100.0;99.67;100.0;100.0;100.0;99.97;100.0;180305_153112;100.0;100.0;100.0;100.0;100.0;99.86
39.554;99.65;100.0;100.0;96.58;100.0;99.89;100.0;100.0;99.67;100.0;100.0;100.0;99.97;100.0;180305_153314;100.0;100.0;100.0;100.0;100.0;99.86
39.587;99.65;100.0;100.0;96.58;100.0;99.89;100.0;100.0;99.67;100.0;100.0;100.0;99.97;100.0;180305_153514;100.0;100.0;100.0;100.0;100.0;99.86
39.621;99.76;100.0;100.0;96.58;100.0;99.89;100.0;100.0;99.67;100.0;100.0;100.0;99.97;100.0;180305_153715;100.0;100.0;100.0;100.0;100.0;99.86
39.654;99.76;100.0;100.0;96.58;100.0;99.89;100.0;100.0;99.67;100.0;100.0;100.0;99.97;100.0;180305_153916;100.0;100.0;100.0;100.0;100.0;99.86
39.688;99.76;100.0;100.0;96.58;100.0;99.89;100.0;100.0;99.67;100.0;100.0;100.0;99.97;100.0;180305_154117;100.0;100.0;100.0;100.0;100.0;99.86
39.722;99.76;100.0;100.0;96.58;100.0;99.89;100.0;100.0;99.67;100.0;100.0;100.0;99.97;100.0;180305_154319;100.0;100.0;100.0;100.0;100.0;99.86
39.838;99.76;100.0;100.0;96.59;100.0;99.89;100.0;100.0;99.67;100.0;100.0;100.0;99.97;100.0;180305_155016;100.0;100.0;100.0;100.0;100.0;99.9
39.933;99.76;100.0;100.0;97.48;100.0;99.89;100.0;100.0;99.67;100.0;100.0;100.0;99.97;100.0;180305_155558;100.0;100.0;100.0;100.0;100.0;99.9
39.992;99.76;100.0;100.0;97.6;100.0;99.89;100.0;100.0;99.67;100.0;100.0;100.0;99.97;100.0;180305_155932;100.0;100.0;100.0;100.0;100.0;99.9
40.042;99.76;100.0;100.0;97.82;100.0;99.89;100.0;100.0;99.67;100.0;100.0;100.0;99.97;100.0;180305_160233;100.0;100.0;100.0;100.0;100.0;99.9
40.163;99.76;100.0;100.0;98.24;100.0;99.89;100.0;100.0;99.67;100.0;100.0;100.0;99.97;100.0;180305_160947;100.0;100.0;100.0;100.0;100.0;99.95
40.213;99.76;100.0;100.0;98.2;100.0;99.89;100.0;100.0;99.67;100.0;100.0;100.0;99.97;100.0;180305_161248;100.0;100.0;100.0;100.0;100.0;99.95
40.263;99.76;100.0;100.0;98.47;100.0;99.89;100.0;100.0;100.0;100.0;100.0;100.0;99.97;100.0;180305_161548;100.0;100.0;100.0;100.0;100.0;99.95
40.314;99.76;100.0;100.0;98.47;100.0;99.89;100.0;100.0;100.0;100.0;100.0;100.0;99.97;100.0;180305_161849;100.0;100.0;100.0;100.0;100.0;100.0
40.364;99.76;100.0;100.0;98.47;100.0;99.89;100.0;100.0;100.0;100.0;100.0;100.0;99.97;100.0;180305_162150;100.0;100.0;100.0;100.0;100.0;100.0
40.414;99.76;100.0;100.0;98.47;100.0;99.89;100.0;100.0;100.0;100.0;100.0;100.0;99.97;100.0;180305_162451;100.0;100.0;100.0;100.0;100.0;100.0
40.464;99.76;100.0;100.0;98.47;100.0;99.89;100.0;100.0;100.0;100.0;100.0;100.0;99.97;100.0;180305_162751;100.0;100.0;100.0;100.0;100.0;100.0
40.514;99.76;100.0;100.0;98.47;100.0;99.89;100.0;100.0;100.0;100.0;100.0;100.0;99.97;100.0;180305_163052;100.0;100.0;100.0;100.0;100.0;100.0
40.565;99.76;100.0;100.0;98.47;100.0;99.89;100.0;100.0;100.0;100.0;100.0;100.0;99.97;100.0;180305_163355;100.0;100.0;100.0;100.0;100.0;100.0
40.616;99.76;100.0;100.0;98.47;100.0;99.89;100.0;100.0;100.0;100.0;100.0;100.0;99.97;100.0;180305_163656;100.0;100.0;100.0;100.0;100.0;100.0
40.666;99.76;100.0;100.0;98.47;100.0;99.89;100.0;100.0;100.0;100.0;100.0;100.0;99.97;100.0;180305_163959;100.0;100.0;100.0;100.0;100.0;100.0
40.717;99.76;100.0;100.0;98.47;100.0;99.89;100.0;100.0;100.0;100.0;100.0;100.0;99.97;100.0;180305_164301;100.0;100.0;100.0;100.0;100.0;100.0
40.767;99.76;100.0;100.0;98.64;100.0;99.95;100.0;100.0;100.0;100.0;100.0;100.0;99.97;100.0;180305_164603;100.0;100.0;100.0;100.0;100.0;100.0
40.818;99.76;100.0;100.0;98.64;100.0;99.95;100.0;100.0;100.0;100.0;100.0;100.0;99.97;100.0;180305_164905;100.0;100.0;100.0;100.0;100.0;100.0
40.868;99.76;100.0;100.0;98.64;100.0;99.95;100.0;100.0;100.0;100.0;100.0;100.0;99.97;100.0;180305_165206;100.0;100.0;100.0;100.0;100.0;100.0
40.919;99.76;100.0;100.0;98.64;100.0;99.95;100.0;100.0;100.0;100.0;100.0;100.0;99.97;100.0;180305_165507;100.0;100.0;100.0;100.0;100.0;100.0
40.969;99.98;100.0;100.0;98.64;100.0;99.95;100.0;100.0;100.0;100.0;100.0;100.0;99.97;100.0;180305_165809;100.0;100.0;100.0;100.0;100.0;100.0
41.02;99.98;100.0;100.0;98.64;100.0;99.95;100.0;100.0;100.0;100.0;100.0;100.0;100.0;100.0;180305_170111;100.0;100.0;100.0;100.0;100.0;100.0
41.071;99.98;100.0;100.0;98.64;100.0;99.95;100.0;100.0;100.0;100.0;100.0;100.0;100.0;100.0;180305_170414;100.0;100.0;100.0;100.0;100.0;100.0
41.121;99.98;100.0;100.0;98.66;100.0;99.95;100.0;100.0;100.0;100.0;100.0;100.0;100.0;100.0;180305_170716;100.0;100.0;100.0;100.0;100.0;100.0
41.172;99.98;100.0;100.0;98.66;100.0;99.95;100.0;100.0;100.0;100.0;100.0;100.0;100.0;100.0;180305_171018;100.0;100.0;100.0;100.0;100.0;100.0
41.222;99.98;100.0;100.0;98.66;100.0;99.95;100.0;100.0;100.0;100.0;100.0;100.0;100.0;100.0;180305_171319;100.0;100.0;100.0;100.0;100.0;100.0
41.273;99.98;100.0;100.0;98.66;100.0;99.95;100.0;100.0;100.0;100.0;100.0;100.0;100.0;100.0;180305_171622;100.0;100.0;100.0;100.0;100.0;100.0
41.579;100.0;100.0;100.0;98.69;100.0;99.95;100.0;100.0;100.0;100.0;100.0;100.0;100.0;100.0;180305_173445;100.0;100.0;100.0;100.0;100.0;100.0
41.754;100.0;100.0;100.0;99.0;100.0;99.95;100.0;100.0;100.0;100.0;100.0;100.0;100.0;100.0;180305_174514;100.0;100.0;100.0;100.0;100.0;100.0
41.926;100.0;100.0;100.0;99.0;100.0;99.95;100.0;100.0;100.0;100.0;100.0;100.0;100.0;100.0;180305_175532;100.0;100.0;100.0;100.0;100.0;100.0
42.533;100.0;100.0;100.0;99.13;100.0;100.0;100.0;100.0;100.0;100.0;100.0;100.0;100.0;100.0;180305_183158;100.0;100.0;100.0;100.0;100.0;100.0
42.65;100.0;100.0;100.0;99.13;100.0;100.0;100.0;100.0;100.0;100.0;100.0;100.0;100.0;100.0;180305_183859;100.0;100.0;100.0;100.0;100.0;100.0
43.252;100.0;100.0;100.0;99.13;100.0;100.0;100.0;100.0;100.0;100.0;100.0;100.0;100.0;100.0;180305_191506;100.0;100.0;100.0;100.0;100.0;100.0
43.479;100.0;100.0;100.0;99.3;100.0;100.0;100.0;100.0;100.0;100.0;100.0;100.0;100.0;100.0;180305_192843;100.0;100.0;100.0;100.0;100.0;100.0
43.607;100.0;100.0;100.0;99.43;100.0;100.0;100.0;100.0;100.0;100.0;100.0;100.0;100.0;100.0;180305_193625;100.0;100.0;100.0;100.0;100.0;100.0
43.867;100.0;100.0;100.0;99.43;100.0;100.0;100.0;100.0;100.0;100.0;100.0;100.0;100.0;100.0;180305_195202;100.0;100.0;100.0;100.0;100.0;100.0
44.012;100.0;100.0;100.0;99.43;100.0;100.0;100.0;100.0;100.0;100.0;100.0;100.0;100.0;100.0;180305_200042;100.0;100.0;100.0;100.0;100.0;100.0
44.688;100.0;100.0;100.0;99.47;100.0;100.0;100.0;100.0;100.0;100.0;100.0;100.0;100.0;100.0;180305_204117;100.0;100.0;100.0;100.0;100.0;100.0
45.435;100.0;100.0;100.0;99.51;100.0;100.0;100.0;100.0;100.0;100.0;100.0;100.0;100.0;100.0;180305_212606;100.0;100.0;100.0;100.0;100.0;100.0
45.614;100.0;100.0;100.0;99.51;100.0;100.0;100.0;100.0;100.0;100.0;100.0;100.0;100.0;100.0;180305_213651;100.0;100.0;100.0;100.0;100.0;100.0
46.026;100.0;100.0;100.0;99.51;100.0;100.0;100.0;100.0;100.0;100.0;100.0;100.0;100.0;100.0;180305_220132;100.0;100.0;100.0;100.0;100.0;100.0
46.209;100.0;100.0;100.0;99.51;100.0;100.0;100.0;100.0;100.0;100.0;100.0;100.0;100.0;100.0;180305_221233;100.0;100.0;100.0;100.0;100.0;100.0
46.26;100.0;100.0;100.0;99.51;100.0;100.0;100.0;100.0;100.0;100.0;100.0;100.0;100.0;100.0;180305_221535;100.0;100.0;100.0;100.0;100.0;100.0
46.31;100.0;100.0;100.0;99.51;100.0;100.0;100.0;100.0;100.0;100.0;100.0;100.0;100.0;100.0;180305_221837;100.0;100.0;100.0;100.0;100.0;100.0
46.396;100.0;100.0;100.0;99.51;100.0;100.0;100.0;100.0;100.0;100.0;100.0;100.0;100.0;100.0;180305_222347;100.0;100.0;100.0;100.0;100.0;100.0
46.774;100.0;100.0;100.0;99.51;100.0;100.0;100.0;100.0;100.0;100.0;100.0;100.0;100.0;100.0;180305_224628;100.0;100.0;100.0;100.0;100.0;100.0
46.871;100.0;100.0;100.0;99.51;100.0;100.0;100.0;100.0;100.0;100.0;100.0;100.0;100.0;100.0;180305_225216;100.0;100.0;100.0;100.0;100.0;100.0
48.654;100.0;100.0;100.0;99.62;100.0;100.0;100.0;100.0;100.0;100.0;100.0;100.0;100.0;100.0;180306_003915;100.0;100.0;100.0;100.0;100.0;100.0
49.988;100.0;100.0;100.0;99.62;100.0;100.0;100.0;100.0;100.0;100.0;100.0;100.0;100.0;100.0;180306_015917;100.0;100.0;100.0;100.0;100.0;100.0
