{ 
"status": "",
"tp_ele": "C",
"note": [
	{"testo": ""}
	],
"righe": [
	{"livello": "1", "ente": "ITALIA", "href": "", "comuni_perv": "5.927", "comuni": "7.958", "perc_ore12": "19,43", "perc_ore19": "58,41", "perc_ore23": "73,87", "percprec_ore23": "75,56"},				
	{"livello": "2", "ente": "ABRUZZO", "href": "votantiCI13000", "comuni_perv": "248", "comuni": "305", "perc_ore12": "19,38", "perc_ore19": "61,27", "perc_ore23": "75,09", "percprec_ore23": "75,33"},				
	{"livello": "2", "ente": "BASILICATA", "href": "votantiCI17000", "comuni_perv": "105", "comuni": "131", "perc_ore12": "16,27", "perc_ore19": "53,12", "perc_ore23": "69,97", "percprec_ore23": "67,57"},				
	{"livello": "2", "ente": "CALABRIA", "href": "votantiCI18000", "comuni_perv": "345", "comuni": "405", "perc_ore12": "15,11", "perc_ore19": "49,55", "perc_ore23": "63,71", "percprec_ore23": "63,13"},				
	{"livello": "2", "ente": "CAMPANIA", "href": "votantiCI15000", "comuni_perv": "387", "comuni": "550", "perc_ore12": "16,95", "perc_ore19": "52,58", "perc_ore23": "70,15", "percprec_ore23": "69,57"},				
	{"livello": "2", "ente": "EMILIA-ROMAGNA", "href": "votantiCI08000", "comuni_perv": "233", "comuni": "331", "perc_ore12": "22,72", "perc_ore19": "65,98", "perc_ore23": "78,52", "percprec_ore23": "82,01"},				
	{"livello": "2", "ente": "FRIULI-VENEZIA GIULIA", "href": "votantiCI06000", "comuni_perv": "184", "comuni": "215", "perc_ore12": "22,56", "perc_ore19": "62,43", "perc_ore23": "75,92", "percprec_ore23": "77,53"},				
	{"livello": "2", "ente": "LAZIO", "href": "votantiCI12000", "comuni_perv": "205", "comuni": "378", "perc_ore12": "18,88", "perc_ore19": "55,47", "perc_ore23": "75,27", "percprec_ore23": "77,02"},				
	{"livello": "2", "ente": "LIGURIA", "href": "votantiCI07000", "comuni_perv": "217", "comuni": "234", "perc_ore12": "21,78", "perc_ore19": "61,04", "perc_ore23": "73,07", "percprec_ore23": "75,73"},				
	{"livello": "2", "ente": "LOMBARDIA", "href": "votantiCI03000", "comuni_perv": "933", "comuni": "1.516", "perc_ore12": "20,92", "perc_ore19": "62,28", "perc_ore23": "78,42", "percprec_ore23": "80,32"},				
	{"livello": "2", "ente": "MARCHE", "href": "votantiCI11000", "comuni_perv": "187", "comuni": "229", "perc_ore12": "19,81", "perc_ore19": "62,22", "perc_ore23": "77,98", "percprec_ore23": "79,88"},				
	{"livello": "2", "ente": "MOLISE", "href": "votantiCI14000", "comuni_perv": "92", "comuni": "136", "perc_ore12": "17,88", "perc_ore19": "56,46", "perc_ore23": "70,95", "percprec_ore23": "77,31"},				
	{"livello": "2", "ente": "PIEMONTE", "href": "votantiCI01000", "comuni_perv": "1.069", "comuni": "1.197", "perc_ore12": "20,44", "perc_ore19": "61,88", "perc_ore23": "75,85", "percprec_ore23": "76,74"},				
	{"livello": "2", "ente": "PUGLIA", "href": "votantiCI16000", "comuni_perv": "167", "comuni": "258", "perc_ore12": "17,97", "perc_ore19": "53,66", "perc_ore23": "69,20", "percprec_ore23": "69,86"},				
	{"livello": "2", "ente": "SARDEGNA", "href": "votantiCI20000", "comuni_perv": "315", "comuni": "377", "perc_ore12": "18,34", "perc_ore19": "52,48", "perc_ore23": "64,49", "percprec_ore23": "65,72"},				
	{"livello": "2", "ente": "SICILIA", "href": "votantiCI19000", "comuni_perv": "264", "comuni": "390", "perc_ore12": "14,27", "perc_ore19": "47,05", "perc_ore23": "63,61", "percprec_ore23": "65,44"},				
	{"livello": "2", "ente": "TOSCANA", "href": "votantiCI09000", "comuni_perv": "204", "comuni": "274", "perc_ore12": "21,17", "perc_ore19": "63,88", "perc_ore23": "77,47", "percprec_ore23": "78,66"},				
	{"livello": "2", "ente": "TRENTINO-ALTO ADIGE", "href": "votantiCI04000", "comuni_perv": "244", "comuni": "292", "perc_ore12": "20,85", "perc_ore19": "60,57", "perc_ore23": "72,45", "percprec_ore23": "81,59"},				
	{"livello": "2", "ente": "UMBRIA", "href": "votantiCI10000", "comuni_perv": "78", "comuni": "92", "perc_ore12": "20,55", "perc_ore19": "64,77", "perc_ore23": "78,20", "percprec_ore23": "79,55"},				
	{"livello": "2", "ente": "VALLE D'AOSTA", "href": "votantiCI02000", "comuni_perv": "0", "comuni": "74", "perc_ore12": "21,24", "perc_ore19": "59,01", "perc_ore23": "N.P.", "percprec_ore23": "-"},				
	{"livello": "2", "ente": "VENETO", "href": "votantiCI05000", "comuni_perv": "450", "comuni": "574", "perc_ore12": "22,24", "perc_ore19": "64,61", "perc_ore23": "79,31", "percprec_ore23": "81,91"}		
	]				               
 }			
		