{ 
"status": "",
"tp_ele": "C",
"note": [
	{"testo": ""}
	],
"righe": [
	{"livello": "1", "ente": "ITALIA", "href": "", "comuni_perv": "4.750", "comuni": "7.958", "perc_ore12": "19,12", "perc_ore19": "-", "perc_ore23": "-", "percprec_ore23": "-"},				
	{"livello": "2", "ente": "ABRUZZO", "href": "votantiCI13000", "comuni_perv": "206", "comuni": "305", "perc_ore12": "19,27", "perc_ore19": "-", "perc_ore23": "-", "percprec_ore23": "-"},				
	{"livello": "2", "ente": "BASILICATA", "href": "votantiCI17000", "comuni_perv": "120", "comuni": "131", "perc_ore12": "16,46", "perc_ore19": "-", "perc_ore23": "-", "percprec_ore23": "-"},				
	{"livello": "2", "ente": "CALABRIA", "href": "votantiCI18000", "comuni_perv": "276", "comuni": "405", "perc_ore12": "14,32", "perc_ore19": "-", "perc_ore23": "-", "percprec_ore23": "-"},				
	{"livello": "2", "ente": "CAMPANIA", "href": "votantiCI15000", "comuni_perv": "269", "comuni": "550", "perc_ore12": "16,68", "perc_ore19": "-", "perc_ore23": "-", "percprec_ore23": "-"},				
	{"livello": "2", "ente": "EMILIA-ROMAGNA", "href": "votantiCI08000", "comuni_perv": "220", "comuni": "331", "perc_ore12": "22,49", "perc_ore19": "-", "perc_ore23": "-", "percprec_ore23": "-"},				
	{"livello": "2", "ente": "FRIULI-VENEZIA GIULIA", "href": "votantiCI06000", "comuni_perv": "150", "comuni": "215", "perc_ore12": "22,54", "perc_ore19": "-", "perc_ore23": "-", "percprec_ore23": "-"},				
	{"livello": "2", "ente": "LAZIO", "href": "votantiCI12000", "comuni_perv": "175", "comuni": "378", "perc_ore12": "16,83", "perc_ore19": "-", "perc_ore23": "-", "percprec_ore23": "-"},				
	{"livello": "2", "ente": "LIGURIA", "href": "votantiCI07000", "comuni_perv": "188", "comuni": "234", "perc_ore12": "21,56", "perc_ore19": "-", "perc_ore23": "-", "percprec_ore23": "-"},				
	{"livello": "2", "ente": "LOMBARDIA", "href": "votantiCI03000", "comuni_perv": "666", "comuni": "1.516", "perc_ore12": "21,62", "perc_ore19": "-", "perc_ore23": "-", "percprec_ore23": "-"},				
	{"livello": "2", "ente": "MARCHE", "href": "votantiCI11000", "comuni_perv": "173", "comuni": "229", "perc_ore12": "19,56", "perc_ore19": "-", "perc_ore23": "-", "percprec_ore23": "-"},				
	{"livello": "2", "ente": "MOLISE", "href": "votantiCI14000", "comuni_perv": "57", "comuni": "136", "perc_ore12": "17,79", "perc_ore19": "-", "perc_ore23": "-", "percprec_ore23": "-"},				
	{"livello": "2", "ente": "PIEMONTE", "href": "votantiCI01000", "comuni_perv": "607", "comuni": "1.197", "perc_ore12": "19,70", "perc_ore19": "-", "perc_ore23": "-", "percprec_ore23": "-"},				
	{"livello": "2", "ente": "PUGLIA", "href": "votantiCI16000", "comuni_perv": "166", "comuni": "258", "perc_ore12": "17,33", "perc_ore19": "-", "perc_ore23": "-", "percprec_ore23": "-"},				
	{"livello": "2", "ente": "SARDEGNA", "href": "votantiCI20000", "comuni_perv": "327", "comuni": "377", "perc_ore12": "17,86", "perc_ore19": "-", "perc_ore23": "-", "percprec_ore23": "-"},				
	{"livello": "2", "ente": "SICILIA", "href": "votantiCI19000", "comuni_perv": "233", "comuni": "390", "perc_ore12": "13,72", "perc_ore19": "-", "perc_ore23": "-", "percprec_ore23": "-"},				
	{"livello": "2", "ente": "TOSCANA", "href": "votantiCI09000", "comuni_perv": "191", "comuni": "274", "perc_ore12": "20,94", "perc_ore19": "-", "perc_ore23": "-", "percprec_ore23": "-"},				
	{"livello": "2", "ente": "TRENTINO-ALTO ADIGE", "href": "votantiCI04000", "comuni_perv": "241", "comuni": "292", "perc_ore12": "20,84", "perc_ore19": "-", "perc_ore23": "-", "percprec_ore23": "-"},				
	{"livello": "2", "ente": "UMBRIA", "href": "votantiCI10000", "comuni_perv": "65", "comuni": "92", "perc_ore12": "19,90", "perc_ore19": "-", "perc_ore23": "-", "percprec_ore23": "-"},				
	{"livello": "2", "ente": "VALLE D'AOSTA", "href": "votantiCI02000", "comuni_perv": "0", "comuni": "74", "perc_ore12": "N.P.", "perc_ore19": "-", "perc_ore23": "-", "percprec_ore23": "-"},				
	{"livello": "2", "ente": "VENETO", "href": "votantiCI05000", "comuni_perv": "420", "comuni": "574", "perc_ore12": "22,25", "perc_ore19": "-", "perc_ore23": "-", "percprec_ore23": "-"}		
	]				               
 }			
		