{ 
"status": "",
"tp_ele": "C",
"note": [
	{"testo": ""}
	],
"righe": [
	{"livello": "1", "ente": "ITALIA", "href": "", "comuni_perv": "6.417", "comuni": "7.958", "perc_ore12": "19,32", "perc_ore19": "-", "perc_ore23": "-", "percprec_ore23": "-"},				
	{"livello": "2", "ente": "ABRUZZO", "href": "votantiCI13000", "comuni_perv": "251", "comuni": "305", "perc_ore12": "19,21", "perc_ore19": "-", "perc_ore23": "-", "percprec_ore23": "-"},				
	{"livello": "2", "ente": "BASILICATA", "href": "votantiCI17000", "comuni_perv": "129", "comuni": "131", "perc_ore12": "16,34", "perc_ore19": "-", "perc_ore23": "-", "percprec_ore23": "-"},				
	{"livello": "2", "ente": "CALABRIA", "href": "votantiCI18000", "comuni_perv": "357", "comuni": "405", "perc_ore12": "14,89", "perc_ore19": "-", "perc_ore23": "-", "percprec_ore23": "-"},				
	{"livello": "2", "ente": "CAMPANIA", "href": "votantiCI15000", "comuni_perv": "414", "comuni": "550", "perc_ore12": "16,56", "perc_ore19": "-", "perc_ore23": "-", "percprec_ore23": "-"},				
	{"livello": "2", "ente": "EMILIA-ROMAGNA", "href": "votantiCI08000", "comuni_perv": "308", "comuni": "331", "perc_ore12": "22,77", "perc_ore19": "-", "perc_ore23": "-", "percprec_ore23": "-"},				
	{"livello": "2", "ente": "FRIULI-VENEZIA GIULIA", "href": "votantiCI06000", "comuni_perv": "200", "comuni": "215", "perc_ore12": "22,51", "perc_ore19": "-", "perc_ore23": "-", "percprec_ore23": "-"},				
	{"livello": "2", "ente": "LAZIO", "href": "votantiCI12000", "comuni_perv": "260", "comuni": "378", "perc_ore12": "16,62", "perc_ore19": "-", "perc_ore23": "-", "percprec_ore23": "-"},				
	{"livello": "2", "ente": "LIGURIA", "href": "votantiCI07000", "comuni_perv": "215", "comuni": "234", "perc_ore12": "21,50", "perc_ore19": "-", "perc_ore23": "-", "percprec_ore23": "-"},				
	{"livello": "2", "ente": "LOMBARDIA", "href": "votantiCI03000", "comuni_perv": "1.097", "comuni": "1.516", "perc_ore12": "21,75", "perc_ore19": "-", "perc_ore23": "-", "percprec_ore23": "-"},				
	{"livello": "2", "ente": "MARCHE", "href": "votantiCI11000", "comuni_perv": "220", "comuni": "229", "perc_ore12": "19,81", "perc_ore19": "-", "perc_ore23": "-", "percprec_ore23": "-"},				
	{"livello": "2", "ente": "MOLISE", "href": "votantiCI14000", "comuni_perv": "97", "comuni": "136", "perc_ore12": "17,88", "perc_ore19": "-", "perc_ore23": "-", "percprec_ore23": "-"},				
	{"livello": "2", "ente": "PIEMONTE", "href": "votantiCI01000", "comuni_perv": "796", "comuni": "1.197", "perc_ore12": "20,13", "perc_ore19": "-", "perc_ore23": "-", "percprec_ore23": "-"},				
	{"livello": "2", "ente": "PUGLIA", "href": "votantiCI16000", "comuni_perv": "218", "comuni": "258", "perc_ore12": "18,01", "perc_ore19": "-", "perc_ore23": "-", "percprec_ore23": "-"},				
	{"livello": "2", "ente": "SARDEGNA", "href": "votantiCI20000", "comuni_perv": "362", "comuni": "377", "perc_ore12": "18,09", "perc_ore19": "-", "perc_ore23": "-", "percprec_ore23": "-"},				
	{"livello": "2", "ente": "SICILIA", "href": "votantiCI19000", "comuni_perv": "329", "comuni": "390", "perc_ore12": "13,89", "perc_ore19": "-", "perc_ore23": "-", "percprec_ore23": "-"},				
	{"livello": "2", "ente": "TOSCANA", "href": "votantiCI09000", "comuni_perv": "255", "comuni": "274", "perc_ore12": "20,80", "perc_ore19": "-", "perc_ore23": "-", "percprec_ore23": "-"},				
	{"livello": "2", "ente": "TRENTINO-ALTO ADIGE", "href": "votantiCI04000", "comuni_perv": "282", "comuni": "292", "perc_ore12": "20,51", "perc_ore19": "-", "perc_ore23": "-", "percprec_ore23": "-"},				
	{"livello": "2", "ente": "UMBRIA", "href": "votantiCI10000", "comuni_perv": "90", "comuni": "92", "perc_ore12": "20,52", "perc_ore19": "-", "perc_ore23": "-", "percprec_ore23": "-"},				
	{"livello": "2", "ente": "VALLE D'AOSTA", "href": "votantiCI02000", "comuni_perv": "0", "comuni": "74", "perc_ore12": "N.P.", "perc_ore19": "-", "perc_ore23": "-", "percprec_ore23": "-"},				
	{"livello": "2", "ente": "VENETO", "href": "votantiCI05000", "comuni_perv": "537", "comuni": "574", "perc_ore12": "22,27", "perc_ore19": "-", "perc_ore23": "-", "percprec_ore23": "-"}		
	]				               
 }			
		