{ 
"status": "",
"tp_ele": "C",
"note": [
	{"testo": ""}
	],
"righe": [
	{"livello": "1", "ente": "ITALIA", "href": "", "comuni_perv": "6.769", "comuni": "7.958", "perc_ore12": "19,43", "perc_ore19": "58,77", "perc_ore23": "-", "percprec_ore23": "-"},				
	{"livello": "2", "ente": "ABRUZZO", "href": "votantiCI13000", "comuni_perv": "248", "comuni": "305", "perc_ore12": "19,38", "perc_ore19": "61,44", "perc_ore23": "-", "percprec_ore23": "-"},				
	{"livello": "2", "ente": "BASILICATA", "href": "votantiCI17000", "comuni_perv": "131", "comuni": "131", "perc_ore12": "16,27", "perc_ore19": "53,12", "perc_ore23": "-", "percprec_ore23": "-"},				
	{"livello": "2", "ente": "CALABRIA", "href": "votantiCI18000", "comuni_perv": "374", "comuni": "405", "perc_ore12": "15,11", "perc_ore19": "49,48", "perc_ore23": "-", "percprec_ore23": "-"},				
	{"livello": "2", "ente": "CAMPANIA", "href": "votantiCI15000", "comuni_perv": "461", "comuni": "550", "perc_ore12": "16,96", "perc_ore19": "53,43", "perc_ore23": "-", "percprec_ore23": "-"},				
	{"livello": "2", "ente": "EMILIA-ROMAGNA", "href": "votantiCI08000", "comuni_perv": "283", "comuni": "331", "perc_ore12": "22,72", "perc_ore19": "66,11", "perc_ore23": "-", "percprec_ore23": "-"},				
	{"livello": "2", "ente": "FRIULI-VENEZIA GIULIA", "href": "votantiCI06000", "comuni_perv": "206", "comuni": "215", "perc_ore12": "22,56", "perc_ore19": "63,27", "perc_ore23": "-", "percprec_ore23": "-"},				
	{"livello": "2", "ente": "LAZIO", "href": "votantiCI12000", "comuni_perv": "268", "comuni": "378", "perc_ore12": "18,88", "perc_ore19": "55,61", "perc_ore23": "-", "percprec_ore23": "-"},				
	{"livello": "2", "ente": "LIGURIA", "href": "votantiCI07000", "comuni_perv": "224", "comuni": "234", "perc_ore12": "21,78", "perc_ore19": "61,30", "perc_ore23": "-", "percprec_ore23": "-"},				
	{"livello": "2", "ente": "LOMBARDIA", "href": "votantiCI03000", "comuni_perv": "1.072", "comuni": "1.516", "perc_ore12": "20,92", "perc_ore19": "63,31", "perc_ore23": "-", "percprec_ore23": "-"},				
	{"livello": "2", "ente": "MARCHE", "href": "votantiCI11000", "comuni_perv": "185", "comuni": "229", "perc_ore12": "19,81", "perc_ore19": "62,73", "perc_ore23": "-", "percprec_ore23": "-"},				
	{"livello": "2", "ente": "MOLISE", "href": "votantiCI14000", "comuni_perv": "94", "comuni": "136", "perc_ore12": "17,88", "perc_ore19": "56,82", "perc_ore23": "-", "percprec_ore23": "-"},				
	{"livello": "2", "ente": "PIEMONTE", "href": "votantiCI01000", "comuni_perv": "1.094", "comuni": "1.197", "perc_ore12": "20,44", "perc_ore19": "62,03", "perc_ore23": "-", "percprec_ore23": "-"},				
	{"livello": "2", "ente": "PUGLIA", "href": "votantiCI16000", "comuni_perv": "242", "comuni": "258", "perc_ore12": "17,97", "perc_ore19": "53,41", "perc_ore23": "-", "percprec_ore23": "-"},				
	{"livello": "2", "ente": "SARDEGNA", "href": "votantiCI20000", "comuni_perv": "362", "comuni": "377", "perc_ore12": "18,34", "perc_ore19": "52,45", "perc_ore23": "-", "percprec_ore23": "-"},				
	{"livello": "2", "ente": "SICILIA", "href": "votantiCI19000", "comuni_perv": "344", "comuni": "390", "perc_ore12": "14,27", "perc_ore19": "46,57", "perc_ore23": "-", "percprec_ore23": "-"},				
	{"livello": "2", "ente": "TOSCANA", "href": "votantiCI09000", "comuni_perv": "254", "comuni": "274", "perc_ore12": "21,17", "perc_ore19": "63,80", "perc_ore23": "-", "percprec_ore23": "-"},				
	{"livello": "2", "ente": "TRENTINO-ALTO ADIGE", "href": "votantiCI04000", "comuni_perv": "269", "comuni": "292", "perc_ore12": "20,85", "perc_ore19": "60,82", "perc_ore23": "-", "percprec_ore23": "-"},				
	{"livello": "2", "ente": "UMBRIA", "href": "votantiCI10000", "comuni_perv": "89", "comuni": "92", "perc_ore12": "20,55", "perc_ore19": "64,74", "perc_ore23": "-", "percprec_ore23": "-"},				
	{"livello": "2", "ente": "VALLE D'AOSTA", "href": "votantiCI02000", "comuni_perv": "74", "comuni": "74", "perc_ore12": "21,24", "perc_ore19": "59,01", "perc_ore23": "-", "percprec_ore23": "-"},				
	{"livello": "2", "ente": "VENETO", "href": "votantiCI05000", "comuni_perv": "495", "comuni": "574", "perc_ore12": "22,24", "perc_ore19": "64,48", "perc_ore23": "-", "percprec_ore23": "-"}		
	]				               
 }			
		