{ 
"status": "",
"tp_ele": "C",
"note": [
	{"testo": ""}
	],
"righe": [
	{"livello": "1", "ente": "ITALIA", "href": "", "comuni_perv": "2.555", "comuni": "7.958", "perc_ore12": "19,43", "perc_ore19": "58,41", "perc_ore23": "73,65", "percprec_ore23": "75,05"},				
	{"livello": "2", "ente": "ABRUZZO", "href": "votantiCI13000", "comuni_perv": "124", "comuni": "305", "perc_ore12": "19,38", "perc_ore19": "61,29", "perc_ore23": "73,94", "percprec_ore23": "73,83"},				
	{"livello": "2", "ente": "BASILICATA", "href": "votantiCI17000", "comuni_perv": "67", "comuni": "131", "perc_ore12": "16,27", "perc_ore19": "53,12", "perc_ore23": "68,78", "percprec_ore23": "66,21"},				
	{"livello": "2", "ente": "CALABRIA", "href": "votantiCI18000", "comuni_perv": "142", "comuni": "405", "perc_ore12": "15,11", "perc_ore19": "49,55", "perc_ore23": "61,02", "percprec_ore23": "60,23"},				
	{"livello": "2", "ente": "CAMPANIA", "href": "votantiCI15000", "comuni_perv": "118", "comuni": "550", "perc_ore12": "16,95", "perc_ore19": "52,59", "perc_ore23": "71,27", "percprec_ore23": "71,19"},				
	{"livello": "2", "ente": "EMILIA-ROMAGNA", "href": "votantiCI08000", "comuni_perv": "102", "comuni": "331", "perc_ore12": "22,72", "perc_ore19": "65,99", "perc_ore23": "76,87", "percprec_ore23": "79,49"},				
	{"livello": "2", "ente": "FRIULI-VENEZIA GIULIA", "href": "votantiCI06000", "comuni_perv": "87", "comuni": "215", "perc_ore12": "22,56", "perc_ore19": "62,44", "perc_ore23": "74,94", "percprec_ore23": "76,06"},				
	{"livello": "2", "ente": "LAZIO", "href": "votantiCI12000", "comuni_perv": "110", "comuni": "378", "perc_ore12": "18,88", "perc_ore19": "55,47", "perc_ore23": "73,86", "percprec_ore23": "75,00"},				
	{"livello": "2", "ente": "LIGURIA", "href": "votantiCI07000", "comuni_perv": "161", "comuni": "234", "perc_ore12": "21,78", "perc_ore19": "61,04", "perc_ore23": "72,07", "percprec_ore23": "73,95"},				
	{"livello": "2", "ente": "LOMBARDIA", "href": "votantiCI03000", "comuni_perv": "302", "comuni": "1.516", "perc_ore12": "20,92", "perc_ore19": "62,28", "perc_ore23": "78,53", "percprec_ore23": "79,37"},				
	{"livello": "2", "ente": "MARCHE", "href": "votantiCI11000", "comuni_perv": "99", "comuni": "229", "perc_ore12": "19,81", "perc_ore19": "62,22", "perc_ore23": "78,33", "percprec_ore23": "79,67"},				
	{"livello": "2", "ente": "MOLISE", "href": "votantiCI14000", "comuni_perv": "36", "comuni": "136", "perc_ore12": "17,88", "perc_ore19": "56,46", "perc_ore23": "70,13", "percprec_ore23": "76,81"},				
	{"livello": "2", "ente": "PIEMONTE", "href": "votantiCI01000", "comuni_perv": "522", "comuni": "1.197", "perc_ore12": "20,44", "perc_ore19": "61,88", "perc_ore23": "75,93", "percprec_ore23": "75,83"},				
	{"livello": "2", "ente": "PUGLIA", "href": "votantiCI16000", "comuni_perv": "24", "comuni": "258", "perc_ore12": "17,97", "perc_ore19": "53,68", "perc_ore23": "70,64", "percprec_ore23": "71,94"},				
	{"livello": "2", "ente": "SARDEGNA", "href": "votantiCI20000", "comuni_perv": "195", "comuni": "377", "perc_ore12": "18,34", "perc_ore19": "52,48", "perc_ore23": "63,31", "percprec_ore23": "63,22"},				
	{"livello": "2", "ente": "SICILIA", "href": "votantiCI19000", "comuni_perv": "44", "comuni": "390", "perc_ore12": "14,27", "perc_ore19": "47,06", "perc_ore23": "62,63", "percprec_ore23": "65,23"},				
	{"livello": "2", "ente": "TOSCANA", "href": "votantiCI09000", "comuni_perv": "96", "comuni": "274", "perc_ore12": "21,17", "perc_ore19": "63,88", "perc_ore23": "77,86", "percprec_ore23": "77,66"},				
	{"livello": "2", "ente": "TRENTINO-ALTO ADIGE", "href": "votantiCI04000", "comuni_perv": "111", "comuni": "292", "perc_ore12": "20,85", "perc_ore19": "60,57", "perc_ore23": "71,34", "percprec_ore23": "81,50"},				
	{"livello": "2", "ente": "UMBRIA", "href": "votantiCI10000", "comuni_perv": "36", "comuni": "92", "perc_ore12": "20,55", "perc_ore19": "64,77", "perc_ore23": "78,59", "percprec_ore23": "79,26"},				
	{"livello": "2", "ente": "VALLE D'AOSTA", "href": "votantiCI02000", "comuni_perv": "0", "comuni": "74", "perc_ore12": "21,24", "perc_ore19": "59,01", "perc_ore23": "N.P.", "percprec_ore23": "-"},				
	{"livello": "2", "ente": "VENETO", "href": "votantiCI05000", "comuni_perv": "179", "comuni": "574", "perc_ore12": "22,24", "perc_ore19": "64,61", "perc_ore23": "79,01", "percprec_ore23": "80,66"}		
	]				               
 }			
		