{ 
"status": "",
"tp_ele": "C",
"note": [
	{"testo": ""}
	],
"righe": [
	{"livello": "1", "ente": "ITALIA", "href": "", "comuni_perv": "7.385", "comuni": "7.958", "perc_ore12": "19,43", "perc_ore19": "58,40", "perc_ore23": "73,20", "percprec_ore23": "75,11"},				
	{"livello": "2", "ente": "ABRUZZO", "href": "votantiCI13000", "comuni_perv": "293", "comuni": "305", "perc_ore12": "19,38", "perc_ore19": "61,27", "perc_ore23": "75,32", "percprec_ore23": "75,87"},				
	{"livello": "2", "ente": "BASILICATA", "href": "votantiCI17000", "comuni_perv": "124", "comuni": "131", "perc_ore12": "16,27", "perc_ore19": "53,12", "perc_ore23": "70,27", "percprec_ore23": "68,18"},				
	{"livello": "2", "ente": "CALABRIA", "href": "votantiCI18000", "comuni_perv": "393", "comuni": "405", "perc_ore12": "15,11", "perc_ore19": "49,53", "perc_ore23": "63,75", "percprec_ore23": "63,08"},				
	{"livello": "2", "ente": "CAMPANIA", "href": "votantiCI15000", "comuni_perv": "527", "comuni": "550", "perc_ore12": "16,95", "perc_ore19": "52,56", "perc_ore23": "67,77", "percprec_ore23": "67,30"},				
	{"livello": "2", "ente": "EMILIA-ROMAGNA", "href": "votantiCI08000", "comuni_perv": "307", "comuni": "331", "perc_ore12": "22,72", "perc_ore19": "65,98", "perc_ore23": "78,49", "percprec_ore23": "82,22"},				
	{"livello": "2", "ente": "FRIULI-VENEZIA GIULIA", "href": "votantiCI06000", "comuni_perv": "212", "comuni": "215", "perc_ore12": "22,56", "perc_ore19": "62,43", "perc_ore23": "74,99", "percprec_ore23": "77,09"},				
	{"livello": "2", "ente": "LAZIO", "href": "votantiCI12000", "comuni_perv": "283", "comuni": "378", "perc_ore12": "18,88", "perc_ore19": "55,47", "perc_ore23": "73,83", "percprec_ore23": "77,81"},				
	{"livello": "2", "ente": "LIGURIA", "href": "votantiCI07000", "comuni_perv": "228", "comuni": "234", "perc_ore12": "21,78", "perc_ore19": "61,04", "perc_ore23": "72,61", "percprec_ore23": "75,42"},				
	{"livello": "2", "ente": "LOMBARDIA", "href": "votantiCI03000", "comuni_perv": "1.313", "comuni": "1.516", "perc_ore12": "20,92", "perc_ore19": "62,28", "perc_ore23": "77,81", "percprec_ore23": "80,10"},				
	{"livello": "2", "ente": "MARCHE", "href": "votantiCI11000", "comuni_perv": "215", "comuni": "229", "perc_ore12": "19,81", "perc_ore19": "62,21", "perc_ore23": "77,63", "percprec_ore23": "79,81"},				
	{"livello": "2", "ente": "MOLISE", "href": "votantiCI14000", "comuni_perv": "121", "comuni": "136", "perc_ore12": "17,88", "perc_ore19": "56,46", "perc_ore23": "71,59", "percprec_ore23": "78,05"},				
	{"livello": "2", "ente": "PIEMONTE", "href": "votantiCI01000", "comuni_perv": "1.165", "comuni": "1.197", "perc_ore12": "20,44", "perc_ore19": "61,86", "perc_ore23": "75,39", "percprec_ore23": "76,88"},				
	{"livello": "2", "ente": "PUGLIA", "href": "votantiCI16000", "comuni_perv": "238", "comuni": "258", "perc_ore12": "17,97", "perc_ore19": "53,66", "perc_ore23": "69,13", "percprec_ore23": "69,93"},				
	{"livello": "2", "ente": "SARDEGNA", "href": "votantiCI20000", "comuni_perv": "365", "comuni": "377", "perc_ore12": "18,34", "perc_ore19": "52,48", "perc_ore23": "65,21", "percprec_ore23": "68,07"},				
	{"livello": "2", "ente": "SICILIA", "href": "votantiCI19000", "comuni_perv": "357", "comuni": "390", "perc_ore12": "14,27", "perc_ore19": "47,05", "perc_ore23": "63,62", "percprec_ore23": "65,62"},				
	{"livello": "2", "ente": "TOSCANA", "href": "votantiCI09000", "comuni_perv": "249", "comuni": "274", "perc_ore12": "21,17", "perc_ore19": "63,87", "perc_ore23": "77,77", "percprec_ore23": "79,39"},				
	{"livello": "2", "ente": "TRENTINO-ALTO ADIGE", "href": "votantiCI04000", "comuni_perv": "287", "comuni": "292", "perc_ore12": "20,85", "perc_ore19": "60,57", "perc_ore23": "74,13", "percprec_ore23": "81,05"},				
	{"livello": "2", "ente": "UMBRIA", "href": "votantiCI10000", "comuni_perv": "90", "comuni": "92", "perc_ore12": "20,55", "perc_ore19": "64,77", "perc_ore23": "78,25", "percprec_ore23": "79,88"},				
	{"livello": "2", "ente": "VALLE D'AOSTA", "href": "votantiCI02000", "comuni_perv": "74", "comuni": "74", "perc_ore12": "21,24", "perc_ore19": "59,01", "perc_ore23": "72,34", "percprec_ore23": "76,95"},				
	{"livello": "2", "ente": "VENETO", "href": "votantiCI05000", "comuni_perv": "544", "comuni": "574", "perc_ore12": "22,24", "perc_ore19": "64,60", "perc_ore23": "78,67", "percprec_ore23": "81,76"}		
	]				               
 }			
		