{ 
"status": "",
"tp_ele": "C",
"note": [
	{"testo": ""}
	],
"righe": [
	{"livello": "1", "ente": "ITALIA", "href": "", "comuni_perv": "2.484", "comuni": "7.958", "perc_ore12": "18,84", "perc_ore19": "-", "perc_ore23": "-", "percprec_ore23": "-"},				
	{"livello": "2", "ente": "ABRUZZO", "href": "votantiCI13000", "comuni_perv": "127", "comuni": "305", "perc_ore12": "18,90", "perc_ore19": "-", "perc_ore23": "-", "percprec_ore23": "-"},				
	{"livello": "2", "ente": "BASILICATA", "href": "votantiCI17000", "comuni_perv": "83", "comuni": "131", "perc_ore12": "15,66", "perc_ore19": "-", "perc_ore23": "-", "percprec_ore23": "-"},				
	{"livello": "2", "ente": "CALABRIA", "href": "votantiCI18000", "comuni_perv": "174", "comuni": "405", "perc_ore12": "13,61", "perc_ore19": "-", "perc_ore23": "-", "percprec_ore23": "-"},				
	{"livello": "2", "ente": "CAMPANIA", "href": "votantiCI15000", "comuni_perv": "137", "comuni": "550", "perc_ore12": "16,23", "perc_ore19": "-", "perc_ore23": "-", "percprec_ore23": "-"},				
	{"livello": "2", "ente": "EMILIA-ROMAGNA", "href": "votantiCI08000", "comuni_perv": "86", "comuni": "331", "perc_ore12": "22,47", "perc_ore19": "-", "perc_ore23": "-", "percprec_ore23": "-"},				
	{"livello": "2", "ente": "FRIULI-VENEZIA GIULIA", "href": "votantiCI06000", "comuni_perv": "81", "comuni": "215", "perc_ore12": "22,46", "perc_ore19": "-", "perc_ore23": "-", "percprec_ore23": "-"},				
	{"livello": "2", "ente": "LAZIO", "href": "votantiCI12000", "comuni_perv": "70", "comuni": "378", "perc_ore12": "16,90", "perc_ore19": "-", "perc_ore23": "-", "percprec_ore23": "-"},				
	{"livello": "2", "ente": "LIGURIA", "href": "votantiCI07000", "comuni_perv": "124", "comuni": "234", "perc_ore12": "21,88", "perc_ore19": "-", "perc_ore23": "-", "percprec_ore23": "-"},				
	{"livello": "2", "ente": "LOMBARDIA", "href": "votantiCI03000", "comuni_perv": "298", "comuni": "1.516", "perc_ore12": "21,64", "perc_ore19": "-", "perc_ore23": "-", "percprec_ore23": "-"},				
	{"livello": "2", "ente": "MARCHE", "href": "votantiCI11000", "comuni_perv": "102", "comuni": "229", "perc_ore12": "19,71", "perc_ore19": "-", "perc_ore23": "-", "percprec_ore23": "-"},				
	{"livello": "2", "ente": "MOLISE", "href": "votantiCI14000", "comuni_perv": "14", "comuni": "136", "perc_ore12": "18,08", "perc_ore19": "-", "perc_ore23": "-", "percprec_ore23": "-"},				
	{"livello": "2", "ente": "PIEMONTE", "href": "votantiCI01000", "comuni_perv": "357", "comuni": "1.197", "perc_ore12": "21,10", "perc_ore19": "-", "perc_ore23": "-", "percprec_ore23": "-"},				
	{"livello": "2", "ente": "PUGLIA", "href": "votantiCI16000", "comuni_perv": "79", "comuni": "258", "perc_ore12": "16,53", "perc_ore19": "-", "perc_ore23": "-", "percprec_ore23": "-"},				
	{"livello": "2", "ente": "SARDEGNA", "href": "votantiCI20000", "comuni_perv": "223", "comuni": "377", "perc_ore12": "17,54", "perc_ore19": "-", "perc_ore23": "-", "percprec_ore23": "-"},				
	{"livello": "2", "ente": "SICILIA", "href": "votantiCI19000", "comuni_perv": "83", "comuni": "390", "perc_ore12": "12,88", "perc_ore19": "-", "perc_ore23": "-", "percprec_ore23": "-"},				
	{"livello": "2", "ente": "TOSCANA", "href": "votantiCI09000", "comuni_perv": "75", "comuni": "274", "perc_ore12": "20,89", "perc_ore19": "-", "perc_ore23": "-", "percprec_ore23": "-"},				
	{"livello": "2", "ente": "TRENTINO-ALTO ADIGE", "href": "votantiCI04000", "comuni_perv": "149", "comuni": "292", "perc_ore12": "20,84", "perc_ore19": "-", "perc_ore23": "-", "percprec_ore23": "-"},				
	{"livello": "2", "ente": "UMBRIA", "href": "votantiCI10000", "comuni_perv": "29", "comuni": "92", "perc_ore12": "19,21", "perc_ore19": "-", "perc_ore23": "-", "percprec_ore23": "-"},				
	{"livello": "2", "ente": "VALLE D'AOSTA", "href": "votantiCI02000", "comuni_perv": "0", "comuni": "74", "perc_ore12": "N.P.", "perc_ore19": "-", "perc_ore23": "-", "percprec_ore23": "-"},				
	{"livello": "2", "ente": "VENETO", "href": "votantiCI05000", "comuni_perv": "193", "comuni": "574", "perc_ore12": "22,14", "perc_ore19": "-", "perc_ore23": "-", "percprec_ore23": "-"}		
	]				               
 }			
		