{ 
"status": "",
"tp_ele": "C",
"note": [
	{"testo": ""}
	],
"righe": [
	{"livello": "1", "ente": "ITALIA", "href": "", "comuni_perv": "1.625", "comuni": "7.958", "perc_ore12": "19,43", "perc_ore19": "57,34", "perc_ore23": "-", "percprec_ore23": "-"},				
	{"livello": "2", "ente": "ABRUZZO", "href": "votantiCI13000", "comuni_perv": "92", "comuni": "305", "perc_ore12": "19,38", "perc_ore19": "61,58", "perc_ore23": "-", "percprec_ore23": "-"},				
	{"livello": "2", "ente": "BASILICATA", "href": "votantiCI17000", "comuni_perv": "70", "comuni": "131", "perc_ore12": "16,27", "perc_ore19": "52,28", "perc_ore23": "-", "percprec_ore23": "-"},				
	{"livello": "2", "ente": "CALABRIA", "href": "votantiCI18000", "comuni_perv": "115", "comuni": "405", "perc_ore12": "15,11", "perc_ore19": "47,25", "perc_ore23": "-", "percprec_ore23": "-"},				
	{"livello": "2", "ente": "CAMPANIA", "href": "votantiCI15000", "comuni_perv": "137", "comuni": "550", "perc_ore12": "16,96", "perc_ore19": "54,72", "perc_ore23": "-", "percprec_ore23": "-"},				
	{"livello": "2", "ente": "EMILIA-ROMAGNA", "href": "votantiCI08000", "comuni_perv": "52", "comuni": "331", "perc_ore12": "22,72", "perc_ore19": "63,58", "perc_ore23": "-", "percprec_ore23": "-"},				
	{"livello": "2", "ente": "FRIULI-VENEZIA GIULIA", "href": "votantiCI06000", "comuni_perv": "58", "comuni": "215", "perc_ore12": "22,56", "perc_ore19": "62,03", "perc_ore23": "-", "percprec_ore23": "-"},				
	{"livello": "2", "ente": "LAZIO", "href": "votantiCI12000", "comuni_perv": "68", "comuni": "378", "perc_ore12": "18,88", "perc_ore19": "56,52", "perc_ore23": "-", "percprec_ore23": "-"},				
	{"livello": "2", "ente": "LIGURIA", "href": "votantiCI07000", "comuni_perv": "77", "comuni": "234", "perc_ore12": "21,78", "perc_ore19": "62,49", "perc_ore23": "-", "percprec_ore23": "-"},				
	{"livello": "2", "ente": "LOMBARDIA", "href": "votantiCI03000", "comuni_perv": "192", "comuni": "1.516", "perc_ore12": "20,92", "perc_ore19": "63,35", "perc_ore23": "-", "percprec_ore23": "-"},				
	{"livello": "2", "ente": "MARCHE", "href": "votantiCI11000", "comuni_perv": "62", "comuni": "229", "perc_ore12": "19,81", "perc_ore19": "63,81", "perc_ore23": "-", "percprec_ore23": "-"},				
	{"livello": "2", "ente": "MOLISE", "href": "votantiCI14000", "comuni_perv": "22", "comuni": "136", "perc_ore12": "17,88", "perc_ore19": "58,01", "perc_ore23": "-", "percprec_ore23": "-"},				
	{"livello": "2", "ente": "PIEMONTE", "href": "votantiCI01000", "comuni_perv": "308", "comuni": "1.197", "perc_ore12": "20,44", "perc_ore19": "63,34", "perc_ore23": "-", "percprec_ore23": "-"},				
	{"livello": "2", "ente": "PUGLIA", "href": "votantiCI16000", "comuni_perv": "43", "comuni": "258", "perc_ore12": "17,97", "perc_ore19": "51,85", "perc_ore23": "-", "percprec_ore23": "-"},				
	{"livello": "2", "ente": "SARDEGNA", "href": "votantiCI20000", "comuni_perv": "106", "comuni": "377", "perc_ore12": "18,34", "perc_ore19": "51,02", "perc_ore23": "-", "percprec_ore23": "-"},				
	{"livello": "2", "ente": "SICILIA", "href": "votantiCI19000", "comuni_perv": "45", "comuni": "390", "perc_ore12": "14,27", "perc_ore19": "47,56", "perc_ore23": "-", "percprec_ore23": "-"},				
	{"livello": "2", "ente": "TOSCANA", "href": "votantiCI09000", "comuni_perv": "42", "comuni": "274", "perc_ore12": "21,17", "perc_ore19": "63,56", "perc_ore23": "-", "percprec_ore23": "-"},				
	{"livello": "2", "ente": "TRENTINO-ALTO ADIGE", "href": "votantiCI04000", "comuni_perv": "54", "comuni": "292", "perc_ore12": "20,85", "perc_ore19": "61,21", "perc_ore23": "-", "percprec_ore23": "-"},				
	{"livello": "2", "ente": "UMBRIA", "href": "votantiCI10000", "comuni_perv": "14", "comuni": "92", "perc_ore12": "20,55", "perc_ore19": "63,40", "perc_ore23": "-", "percprec_ore23": "-"},				
	{"livello": "2", "ente": "VALLE D'AOSTA", "href": "votantiCI02000", "comuni_perv": "0", "comuni": "74", "perc_ore12": "21,24", "perc_ore19": "N.P.", "perc_ore23": "-", "percprec_ore23": "-"},				
	{"livello": "2", "ente": "VENETO", "href": "votantiCI05000", "comuni_perv": "68", "comuni": "574", "perc_ore12": "22,24", "perc_ore19": "65,55", "perc_ore23": "-", "percprec_ore23": "-"}		
	]				               
 }			
		