{ 
"status": "",
"tp_ele": "C",
"note": [
	{"testo": ""}
	],
"righe": [
	{"livello": "1", "ente": "ITALIA", "href": "", "comuni_perv": "270", "comuni": "7.958", "perc_ore12": "19,43", "perc_ore19": "58,42", "perc_ore23": "71,17", "percprec_ore23": "71,68"},				
	{"livello": "2", "ente": "ABRUZZO", "href": "votantiCI13000", "comuni_perv": "19", "comuni": "305", "perc_ore12": "19,38", "perc_ore19": "61,29", "perc_ore23": "71,42", "percprec_ore23": "72,77"},				
	{"livello": "2", "ente": "BASILICATA", "href": "votantiCI17000", "comuni_perv": "7", "comuni": "131", "perc_ore12": "16,27", "perc_ore19": "53,12", "perc_ore23": "70,66", "percprec_ore23": "64,98"},				
	{"livello": "2", "ente": "CALABRIA", "href": "votantiCI18000", "comuni_perv": "18", "comuni": "405", "perc_ore12": "15,11", "perc_ore19": "49,55", "perc_ore23": "60,95", "percprec_ore23": "62,81"},				
	{"livello": "2", "ente": "CAMPANIA", "href": "votantiCI15000", "comuni_perv": "9", "comuni": "550", "perc_ore12": "16,96", "perc_ore19": "52,59", "perc_ore23": "70,49", "percprec_ore23": "71,55"},				
	{"livello": "2", "ente": "EMILIA-ROMAGNA", "href": "votantiCI08000", "comuni_perv": "3", "comuni": "331", "perc_ore12": "22,72", "perc_ore19": "65,99", "perc_ore23": "73,45", "percprec_ore23": "74,49"},				
	{"livello": "2", "ente": "FRIULI-VENEZIA GIULIA", "href": "votantiCI06000", "comuni_perv": "11", "comuni": "215", "perc_ore12": "22,56", "perc_ore19": "62,45", "perc_ore23": "72,07", "percprec_ore23": "72,14"},				
	{"livello": "2", "ente": "LAZIO", "href": "votantiCI12000", "comuni_perv": "15", "comuni": "378", "perc_ore12": "18,88", "perc_ore19": "55,47", "perc_ore23": "72,41", "percprec_ore23": "72,96"},				
	{"livello": "2", "ente": "LIGURIA", "href": "votantiCI07000", "comuni_perv": "26", "comuni": "234", "perc_ore12": "21,78", "perc_ore19": "61,04", "perc_ore23": "70,48", "percprec_ore23": "71,99"},				
	{"livello": "2", "ente": "LOMBARDIA", "href": "votantiCI03000", "comuni_perv": "28", "comuni": "1.516", "perc_ore12": "20,92", "perc_ore19": "62,29", "perc_ore23": "77,37", "percprec_ore23": "75,30"},				
	{"livello": "2", "ente": "MARCHE", "href": "votantiCI11000", "comuni_perv": "8", "comuni": "229", "perc_ore12": "19,81", "perc_ore19": "62,22", "perc_ore23": "79,27", "percprec_ore23": "80,87"},				
	{"livello": "2", "ente": "MOLISE", "href": "votantiCI14000", "comuni_perv": "1", "comuni": "136", "perc_ore12": "17,88", "perc_ore19": "56,46", "perc_ore23": "77,22", "percprec_ore23": "68,18"},				
	{"livello": "2", "ente": "PIEMONTE", "href": "votantiCI01000", "comuni_perv": "70", "comuni": "1.197", "perc_ore12": "20,44", "perc_ore19": "61,88", "perc_ore23": "75,24", "percprec_ore23": "73,61"},				
	{"livello": "2", "ente": "PUGLIA", "href": "votantiCI16000", "comuni_perv": "0", "comuni": "258", "perc_ore12": "17,97", "perc_ore19": "53,68", "perc_ore23": "N.P.", "percprec_ore23": "-"},				
	{"livello": "2", "ente": "SARDEGNA", "href": "votantiCI20000", "comuni_perv": "31", "comuni": "377", "perc_ore12": "18,34", "perc_ore19": "52,49", "perc_ore23": "63,03", "percprec_ore23": "65,54"},				
	{"livello": "2", "ente": "SICILIA", "href": "votantiCI19000", "comuni_perv": "0", "comuni": "390", "perc_ore12": "14,27", "perc_ore19": "47,06", "perc_ore23": "N.P.", "percprec_ore23": "-"},				
	{"livello": "2", "ente": "TOSCANA", "href": "votantiCI09000", "comuni_perv": "2", "comuni": "274", "perc_ore12": "21,17", "perc_ore19": "63,88", "perc_ore23": "76,25", "percprec_ore23": "68,85"},				
	{"livello": "2", "ente": "TRENTINO-ALTO ADIGE", "href": "votantiCI04000", "comuni_perv": "6", "comuni": "292", "perc_ore12": "20,85", "perc_ore19": "60,57", "perc_ore23": "78,65", "percprec_ore23": "75,49"},				
	{"livello": "2", "ente": "UMBRIA", "href": "votantiCI10000", "comuni_perv": "0", "comuni": "92", "perc_ore12": "20,55", "perc_ore19": "64,86", "perc_ore23": "N.P.", "percprec_ore23": "-"},				
	{"livello": "2", "ente": "VALLE D'AOSTA", "href": "votantiCI02000", "comuni_perv": "0", "comuni": "74", "perc_ore12": "21,24", "perc_ore19": "59,01", "perc_ore23": "N.P.", "percprec_ore23": "-"},				
	{"livello": "2", "ente": "VENETO", "href": "votantiCI05000", "comuni_perv": "16", "comuni": "574", "perc_ore12": "22,24", "perc_ore19": "64,61", "perc_ore23": "76,40", "percprec_ore23": "74,55"}		
	]				               
 }			
		