{ 
"status": "",
"tp_ele": "C",
"note": [
	{"testo": ""}
	],
"righe": [
	{"livello": "1", "ente": "ITALIA", "href": "", "comuni_perv": "6.701", "comuni": "7.958", "perc_ore12": "19,43", "perc_ore19": "58,41", "perc_ore23": "73,62", "percprec_ore23": "75,40"},				
	{"livello": "2", "ente": "ABRUZZO", "href": "votantiCI13000", "comuni_perv": "274", "comuni": "305", "perc_ore12": "19,38", "perc_ore19": "61,27", "perc_ore23": "75,28", "percprec_ore23": "75,99"},				
	{"livello": "2", "ente": "BASILICATA", "href": "votantiCI17000", "comuni_perv": "117", "comuni": "131", "perc_ore12": "16,27", "perc_ore19": "53,12", "perc_ore23": "69,84", "percprec_ore23": "67,48"},				
	{"livello": "2", "ente": "CALABRIA", "href": "votantiCI18000", "comuni_perv": "373", "comuni": "405", "perc_ore12": "15,11", "perc_ore19": "49,55", "perc_ore23": "63,78", "percprec_ore23": "63,09"},				
	{"livello": "2", "ente": "CAMPANIA", "href": "votantiCI15000", "comuni_perv": "445", "comuni": "550", "perc_ore12": "16,95", "perc_ore19": "52,56", "perc_ore23": "69,63", "percprec_ore23": "69,33"},				
	{"livello": "2", "ente": "EMILIA-ROMAGNA", "href": "votantiCI08000", "comuni_perv": "275", "comuni": "331", "perc_ore12": "22,72", "perc_ore19": "65,98", "perc_ore23": "78,78", "percprec_ore23": "82,33"},				
	{"livello": "2", "ente": "FRIULI-VENEZIA GIULIA", "href": "votantiCI06000", "comuni_perv": "195", "comuni": "215", "perc_ore12": "22,56", "perc_ore19": "62,43", "perc_ore23": "76,13", "percprec_ore23": "78,03"},				
	{"livello": "2", "ente": "LAZIO", "href": "votantiCI12000", "comuni_perv": "236", "comuni": "378", "perc_ore12": "18,88", "perc_ore19": "55,47", "perc_ore23": "75,71", "percprec_ore23": "77,78"},				
	{"livello": "2", "ente": "LIGURIA", "href": "votantiCI07000", "comuni_perv": "223", "comuni": "234", "perc_ore12": "21,78", "perc_ore19": "61,04", "perc_ore23": "73,11", "percprec_ore23": "75,77"},				
	{"livello": "2", "ente": "LOMBARDIA", "href": "votantiCI03000", "comuni_perv": "1.122", "comuni": "1.516", "perc_ore12": "20,92", "perc_ore19": "62,28", "perc_ore23": "78,06", "percprec_ore23": "80,17"},				
	{"livello": "2", "ente": "MARCHE", "href": "votantiCI11000", "comuni_perv": "203", "comuni": "229", "perc_ore12": "19,81", "perc_ore19": "62,21", "perc_ore23": "77,77", "percprec_ore23": "79,81"},				
	{"livello": "2", "ente": "MOLISE", "href": "votantiCI14000", "comuni_perv": "101", "comuni": "136", "perc_ore12": "17,88", "perc_ore19": "56,46", "perc_ore23": "71,36", "percprec_ore23": "77,69"},				
	{"livello": "2", "ente": "PIEMONTE", "href": "votantiCI01000", "comuni_perv": "1.126", "comuni": "1.197", "perc_ore12": "20,44", "perc_ore19": "61,87", "perc_ore23": "75,81", "percprec_ore23": "76,94"},				
	{"livello": "2", "ente": "PUGLIA", "href": "votantiCI16000", "comuni_perv": "206", "comuni": "258", "perc_ore12": "17,97", "perc_ore19": "53,66", "perc_ore23": "69,37", "percprec_ore23": "70,26"},				
	{"livello": "2", "ente": "SARDEGNA", "href": "votantiCI20000", "comuni_perv": "348", "comuni": "377", "perc_ore12": "18,34", "perc_ore19": "52,48", "perc_ore23": "64,77", "percprec_ore23": "66,75"},				
	{"livello": "2", "ente": "SICILIA", "href": "votantiCI19000", "comuni_perv": "312", "comuni": "390", "perc_ore12": "14,27", "perc_ore19": "47,05", "perc_ore23": "63,55", "percprec_ore23": "65,35"},				
	{"livello": "2", "ente": "TOSCANA", "href": "votantiCI09000", "comuni_perv": "226", "comuni": "274", "perc_ore12": "21,17", "perc_ore19": "63,87", "perc_ore23": "77,63", "percprec_ore23": "79,07"},				
	{"livello": "2", "ente": "TRENTINO-ALTO ADIGE", "href": "votantiCI04000", "comuni_perv": "275", "comuni": "292", "perc_ore12": "20,85", "perc_ore19": "60,57", "perc_ore23": "73,51", "percprec_ore23": "81,34"},				
	{"livello": "2", "ente": "UMBRIA", "href": "votantiCI10000", "comuni_perv": "79", "comuni": "92", "perc_ore12": "20,55", "perc_ore19": "64,77", "perc_ore23": "78,19", "percprec_ore23": "79,54"},				
	{"livello": "2", "ente": "VALLE D'AOSTA", "href": "votantiCI02000", "comuni_perv": "74", "comuni": "74", "perc_ore12": "21,24", "perc_ore19": "59,01", "perc_ore23": "72,34", "percprec_ore23": "76,95"},				
	{"livello": "2", "ente": "VENETO", "href": "votantiCI05000", "comuni_perv": "491", "comuni": "574", "perc_ore12": "22,24", "perc_ore19": "64,61", "perc_ore23": "79,31", "percprec_ore23": "82,01"}		
	]				               
 }			
		