{ 
"status": "",
"tp_ele": "C",
"note": [
	{"testo": ""}
	],
"righe": [
	{"livello": "1", "ente": "ITALIA", "href": "", "comuni_perv": "3.529", "comuni": "7.958", "perc_ore12": "19,43", "perc_ore19": "57,90", "perc_ore23": "-", "percprec_ore23": "-"},				
	{"livello": "2", "ente": "ABRUZZO", "href": "votantiCI13000", "comuni_perv": "151", "comuni": "305", "perc_ore12": "19,38", "perc_ore19": "61,28", "perc_ore23": "-", "percprec_ore23": "-"},				
	{"livello": "2", "ente": "BASILICATA", "href": "votantiCI17000", "comuni_perv": "110", "comuni": "131", "perc_ore12": "16,27", "perc_ore19": "52,35", "perc_ore23": "-", "percprec_ore23": "-"},				
	{"livello": "2", "ente": "CALABRIA", "href": "votantiCI18000", "comuni_perv": "238", "comuni": "405", "perc_ore12": "15,11", "perc_ore19": "48,42", "perc_ore23": "-", "percprec_ore23": "-"},				
	{"livello": "2", "ente": "CAMPANIA", "href": "votantiCI15000", "comuni_perv": "270", "comuni": "550", "perc_ore12": "16,96", "perc_ore19": "54,24", "perc_ore23": "-", "percprec_ore23": "-"},				
	{"livello": "2", "ente": "EMILIA-ROMAGNA", "href": "votantiCI08000", "comuni_perv": "136", "comuni": "331", "perc_ore12": "22,72", "perc_ore19": "64,89", "perc_ore23": "-", "percprec_ore23": "-"},				
	{"livello": "2", "ente": "FRIULI-VENEZIA GIULIA", "href": "votantiCI06000", "comuni_perv": "134", "comuni": "215", "perc_ore12": "22,56", "perc_ore19": "62,74", "perc_ore23": "-", "percprec_ore23": "-"},				
	{"livello": "2", "ente": "LAZIO", "href": "votantiCI12000", "comuni_perv": "134", "comuni": "378", "perc_ore12": "18,88", "perc_ore19": "55,98", "perc_ore23": "-", "percprec_ore23": "-"},				
	{"livello": "2", "ente": "LIGURIA", "href": "votantiCI07000", "comuni_perv": "167", "comuni": "234", "perc_ore12": "21,78", "perc_ore19": "61,37", "perc_ore23": "-", "percprec_ore23": "-"},				
	{"livello": "2", "ente": "LOMBARDIA", "href": "votantiCI03000", "comuni_perv": "460", "comuni": "1.516", "perc_ore12": "20,92", "perc_ore19": "63,35", "perc_ore23": "-", "percprec_ore23": "-"},				
	{"livello": "2", "ente": "MARCHE", "href": "votantiCI11000", "comuni_perv": "106", "comuni": "229", "perc_ore12": "19,81", "perc_ore19": "63,69", "perc_ore23": "-", "percprec_ore23": "-"},				
	{"livello": "2", "ente": "MOLISE", "href": "votantiCI14000", "comuni_perv": "43", "comuni": "136", "perc_ore12": "17,88", "perc_ore19": "57,27", "perc_ore23": "-", "percprec_ore23": "-"},				
	{"livello": "2", "ente": "PIEMONTE", "href": "votantiCI01000", "comuni_perv": "544", "comuni": "1.197", "perc_ore12": "20,44", "perc_ore19": "61,08", "perc_ore23": "-", "percprec_ore23": "-"},				
	{"livello": "2", "ente": "PUGLIA", "href": "votantiCI16000", "comuni_perv": "117", "comuni": "258", "perc_ore12": "17,97", "perc_ore19": "53,04", "perc_ore23": "-", "percprec_ore23": "-"},				
	{"livello": "2", "ente": "SARDEGNA", "href": "votantiCI20000", "comuni_perv": "271", "comuni": "377", "perc_ore12": "18,34", "perc_ore19": "51,78", "perc_ore23": "-", "percprec_ore23": "-"},				
	{"livello": "2", "ente": "SICILIA", "href": "votantiCI19000", "comuni_perv": "144", "comuni": "390", "perc_ore12": "14,27", "perc_ore19": "46,52", "perc_ore23": "-", "percprec_ore23": "-"},				
	{"livello": "2", "ente": "TOSCANA", "href": "votantiCI09000", "comuni_perv": "114", "comuni": "274", "perc_ore12": "21,17", "perc_ore19": "64,46", "perc_ore23": "-", "percprec_ore23": "-"},				
	{"livello": "2", "ente": "TRENTINO-ALTO ADIGE", "href": "votantiCI04000", "comuni_perv": "131", "comuni": "292", "perc_ore12": "20,85", "perc_ore19": "61,26", "perc_ore23": "-", "percprec_ore23": "-"},				
	{"livello": "2", "ente": "UMBRIA", "href": "votantiCI10000", "comuni_perv": "34", "comuni": "92", "perc_ore12": "20,55", "perc_ore19": "64,29", "perc_ore23": "-", "percprec_ore23": "-"},				
	{"livello": "2", "ente": "VALLE D'AOSTA", "href": "votantiCI02000", "comuni_perv": "0", "comuni": "74", "perc_ore12": "21,24", "perc_ore19": "N.P.", "perc_ore23": "-", "percprec_ore23": "-"},				
	{"livello": "2", "ente": "VENETO", "href": "votantiCI05000", "comuni_perv": "225", "comuni": "574", "perc_ore12": "22,24", "perc_ore19": "64,88", "perc_ore23": "-", "percprec_ore23": "-"}		
	]				               
 }			
		