{ 
"status": "",
"tp_ele": "C",
"note": [
	{"testo": ""}
	],
"righe": [
	{"livello": "1", "ente": "ITALIA", "href": "", "comuni_perv": "6.964", "comuni": "7.958", "perc_ore12": "19,29", "perc_ore19": "-", "perc_ore23": "-", "percprec_ore23": "-"},				
	{"livello": "2", "ente": "ABRUZZO", "href": "votantiCI13000", "comuni_perv": "269", "comuni": "305", "perc_ore12": "19,33", "perc_ore19": "-", "perc_ore23": "-", "percprec_ore23": "-"},				
	{"livello": "2", "ente": "BASILICATA", "href": "votantiCI17000", "comuni_perv": "131", "comuni": "131", "perc_ore12": "16,27", "perc_ore19": "-", "perc_ore23": "-", "percprec_ore23": "-"},				
	{"livello": "2", "ente": "CALABRIA", "href": "votantiCI18000", "comuni_perv": "377", "comuni": "405", "perc_ore12": "15,00", "perc_ore19": "-", "perc_ore23": "-", "percprec_ore23": "-"},				
	{"livello": "2", "ente": "CAMPANIA", "href": "votantiCI15000", "comuni_perv": "483", "comuni": "550", "perc_ore12": "16,67", "perc_ore19": "-", "perc_ore23": "-", "percprec_ore23": "-"},				
	{"livello": "2", "ente": "EMILIA-ROMAGNA", "href": "votantiCI08000", "comuni_perv": "315", "comuni": "331", "perc_ore12": "22,68", "perc_ore19": "-", "perc_ore23": "-", "percprec_ore23": "-"},				
	{"livello": "2", "ente": "FRIULI-VENEZIA GIULIA", "href": "votantiCI06000", "comuni_perv": "210", "comuni": "215", "perc_ore12": "22,52", "perc_ore19": "-", "perc_ore23": "-", "percprec_ore23": "-"},				
	{"livello": "2", "ente": "LAZIO", "href": "votantiCI12000", "comuni_perv": "276", "comuni": "378", "perc_ore12": "16,70", "perc_ore19": "-", "perc_ore23": "-", "percprec_ore23": "-"},				
	{"livello": "2", "ente": "LIGURIA", "href": "votantiCI07000", "comuni_perv": "224", "comuni": "234", "perc_ore12": "21,47", "perc_ore19": "-", "perc_ore23": "-", "percprec_ore23": "-"},				
	{"livello": "2", "ente": "LOMBARDIA", "href": "votantiCI03000", "comuni_perv": "1.223", "comuni": "1.516", "perc_ore12": "21,56", "perc_ore19": "-", "perc_ore23": "-", "percprec_ore23": "-"},				
	{"livello": "2", "ente": "MARCHE", "href": "votantiCI11000", "comuni_perv": "223", "comuni": "229", "perc_ore12": "19,81", "perc_ore19": "-", "perc_ore23": "-", "percprec_ore23": "-"},				
	{"livello": "2", "ente": "MOLISE", "href": "votantiCI14000", "comuni_perv": "102", "comuni": "136", "perc_ore12": "17,93", "perc_ore19": "-", "perc_ore23": "-", "percprec_ore23": "-"},				
	{"livello": "2", "ente": "PIEMONTE", "href": "votantiCI01000", "comuni_perv": "914", "comuni": "1.197", "perc_ore12": "20,18", "perc_ore19": "-", "perc_ore23": "-", "percprec_ore23": "-"},				
	{"livello": "2", "ente": "PUGLIA", "href": "votantiCI16000", "comuni_perv": "235", "comuni": "258", "perc_ore12": "17,95", "perc_ore19": "-", "perc_ore23": "-", "percprec_ore23": "-"},				
	{"livello": "2", "ente": "SARDEGNA", "href": "votantiCI20000", "comuni_perv": "366", "comuni": "377", "perc_ore12": "18,16", "perc_ore19": "-", "perc_ore23": "-", "percprec_ore23": "-"},				
	{"livello": "2", "ente": "SICILIA", "href": "votantiCI19000", "comuni_perv": "358", "comuni": "390", "perc_ore12": "13,99", "perc_ore19": "-", "perc_ore23": "-", "percprec_ore23": "-"},				
	{"livello": "2", "ente": "TOSCANA", "href": "votantiCI09000", "comuni_perv": "257", "comuni": "274", "perc_ore12": "20,82", "perc_ore19": "-", "perc_ore23": "-", "percprec_ore23": "-"},				
	{"livello": "2", "ente": "TRENTINO-ALTO ADIGE", "href": "votantiCI04000", "comuni_perv": "286", "comuni": "292", "perc_ore12": "20,51", "perc_ore19": "-", "perc_ore23": "-", "percprec_ore23": "-"},				
	{"livello": "2", "ente": "UMBRIA", "href": "votantiCI10000", "comuni_perv": "91", "comuni": "92", "perc_ore12": "20,57", "perc_ore19": "-", "perc_ore23": "-", "percprec_ore23": "-"},				
	{"livello": "2", "ente": "VALLE D'AOSTA", "href": "votantiCI02000", "comuni_perv": "74", "comuni": "74", "perc_ore12": "21,24", "perc_ore19": "-", "perc_ore23": "-", "percprec_ore23": "-"},				
	{"livello": "2", "ente": "VENETO", "href": "votantiCI05000", "comuni_perv": "550", "comuni": "574", "perc_ore12": "22,27", "perc_ore19": "-", "perc_ore23": "-", "percprec_ore23": "-"}		
	]				               
 }			
		