{ 
"status": "ESERCIZIO",
"note": [
	{"testo": ""}
	],
"tipo_ente": "Circoscrizione",
"righe": [	
	{"ente": "PIEMONTE 1", "href": "", "enti_perv": "2.028", "enti": "2.322", "coll_perv": "2", "coll": "9", "ora": "05/03/2018 - 09:20", "scrutinio": "In Corso"},	
	{"ente": "PIEMONTE 2", "href": "", "enti_perv": "2.272", "enti": "2.493", "coll_perv": "0", "coll": "8", "ora": "05/03/2018 - 09:22", "scrutinio": "In Corso"},	
	{"ente": "LOMBARDIA 1", "href": "", "enti_perv": "3.270", "enti": "3.547", "coll_perv": "0", "coll": "15", "ora": "05/03/2018 - 09:19", "scrutinio": "In Corso"},	
	{"ente": "LOMBARDIA 2", "href": "", "enti_perv": "1.028", "enti": "1.983", "coll_perv": "0", "coll": "8", "ora": "05/03/2018 - 09:22", "scrutinio": "In Corso"},	
	{"ente": "LOMBARDIA 3", "href": "", "enti_perv": "1.782", "enti": "1.996", "coll_perv": "1", "coll": "8", "ora": "05/03/2018 - 09:22", "scrutinio": "In Corso"},	
	{"ente": "LOMBARDIA 4", "href": "", "enti_perv": "1.382", "enti": "1.701", "coll_perv": "0", "coll": "6", "ora": "05/03/2018 - 09:22", "scrutinio": "In Corso"},	
	{"ente": "VENETO 1", "href": "", "enti_perv": "1.838", "enti": "1.883", "coll_perv": "1", "coll": "8", "ora": "05/03/2018 - 08:58", "scrutinio": "In Corso"},	
	{"ente": "VENETO 2", "href": "", "enti_perv": "2.655", "enti": "2.856", "coll_perv": "2", "coll": "11", "ora": "05/03/2018 - 09:20", "scrutinio": "In Corso"},	
	{"ente": "FRIULI-VENEZIA GIULIA", "href": "", "enti_perv": "1.310", "enti": "1.369", "coll_perv": "0", "coll": "5", "ora": "05/03/2018 - 09:20", "scrutinio": "In Corso"},	
	{"ente": "LIGURIA", "href": "", "enti_perv": "1.654", "enti": "1.789", "coll_perv": "0", "coll": "6", "ora": "05/03/2018 - 09:22", "scrutinio": "In Corso"},	
	{"ente": "EMILIA-ROMAGNA", "href": "", "enti_perv": "3.717", "enti": "4.510", "coll_perv": "0", "coll": "17", "ora": "05/03/2018 - 09:09", "scrutinio": "In Corso"},	
	{"ente": "TOSCANA", "href": "", "enti_perv": "3.591", "enti": "3.954", "coll_perv": "2", "coll": "14", "ora": "05/03/2018 - 09:22", "scrutinio": "In Corso"},	
	{"ente": "UMBRIA", "href": "", "enti_perv": "820", "enti": "1.005", "coll_perv": "0", "coll": "3", "ora": "05/03/2018 - 09:07", "scrutinio": "In Corso"},	
	{"ente": "MARCHE", "href": "", "enti_perv": "1.433", "enti": "1.574", "coll_perv": "0", "coll": "6", "ora": "05/03/2018 - 09:20", "scrutinio": "In Corso"},	
	{"ente": "LAZIO 1", "href": "", "enti_perv": "2.596", "enti": "3.473", "coll_perv": "0", "coll": "14", "ora": "05/03/2018 - 09:20", "scrutinio": "In Corso"},	
	{"ente": "LAZIO 2", "href": "", "enti_perv": "887", "enti": "1.812", "coll_perv": "0", "coll": "7", "ora": "05/03/2018 - 09:22", "scrutinio": "In Corso"},	
	{"ente": "ABRUZZO", "href": "", "enti_perv": "1.135", "enti": "1.639", "coll_perv": "0", "coll": "5", "ora": "05/03/2018 - 09:20", "scrutinio": "In Corso"},	
	{"ente": "MOLISE", "href": "", "enti_perv": "282", "enti": "394", "coll_perv": "0", "coll": "2", "ora": "05/03/2018 - 09:03", "scrutinio": "In Corso"},	
	{"ente": "CAMPANIA 1", "href": "", "enti_perv": "2.839", "enti": "2.894", "coll_perv": "6", "coll": "12", "ora": "05/03/2018 - 09:22", "scrutinio": "In Corso"},	
	{"ente": "CAMPANIA 2", "href": "", "enti_perv": "1.858", "enti": "2.932", "coll_perv": "0", "coll": "10", "ora": "05/03/2018 - 09:20", "scrutinio": "In Corso"},	
	{"ente": "PUGLIA", "href": "", "enti_perv": "3.401", "enti": "4.026", "coll_perv": "1", "coll": "16", "ora": "05/03/2018 - 09:22", "scrutinio": "In Corso"},	
	{"ente": "BASILICATA", "href": "", "enti_perv": "535", "enti": "681", "coll_perv": "0", "coll": "2", "ora": "05/03/2018 - 09:19", "scrutinio": "In Corso"},	
	{"ente": "CALABRIA", "href": "", "enti_perv": "1.665", "enti": "2.416", "coll_perv": "0", "coll": "8", "ora": "05/03/2018 - 09:19", "scrutinio": "In Corso"},	
	{"ente": "SICILIA 1", "href": "", "enti_perv": "2.122", "enti": "2.411", "coll_perv": "2", "coll": "9", "ora": "05/03/2018 - 09:20", "scrutinio": "In Corso"},	
	{"ente": "SICILIA 2", "href": "", "enti_perv": "2.041", "enti": "2.887", "coll_perv": "0", "coll": "10", "ora": "05/03/2018 - 09:19", "scrutinio": "In Corso"},	
	{"ente": "SARDEGNA", "href": "", "enti_perv": "1.587", "enti": "1.838", "coll_perv": "0", "coll": "6", "ora": "05/03/2018 - 09:19", "scrutinio": "In Corso"},	
	{"ente": "VALLE D'AOSTA", "href": "", "enti_perv": "151", "enti": "151", "coll_perv": "1", "coll": "1", "ora": "05/03/2018 - 07:36", "scrutinio": "Definitivo"},	
	{"ente": "TRENTINO-ALTO ADIGE/S&Uuml;DTIROL", "href": "", "enti_perv": "800", "enti": "1.016", "coll_perv": "0", "coll": "6", "ora": "05/03/2018 - 09:06", "scrutinio": "In Corso"}
	]				               
 }	
	