{ 
"status": "ESERCIZIO",
"note": [
	{"testo": ""}
	],
"tipo_ente": "Circoscrizione",
"righe": [	
	{"ente": "PIEMONTE 1", "href": "", "enti_perv": "2.211", "enti": "2.322", "coll_perv": "4", "coll": "9", "ora": "05/03/2018 - 10:07", "scrutinio": "In Corso"},	
	{"ente": "PIEMONTE 2", "href": "", "enti_perv": "2.476", "enti": "2.493", "coll_perv": "3", "coll": "8", "ora": "05/03/2018 - 10:01", "scrutinio": "In Corso"},	
	{"ente": "LOMBARDIA 1", "href": "", "enti_perv": "3.389", "enti": "3.547", "coll_perv": "1", "coll": "15", "ora": "05/03/2018 - 10:07", "scrutinio": "In Corso"},	
	{"ente": "LOMBARDIA 2", "href": "", "enti_perv": "1.374", "enti": "1.983", "coll_perv": "0", "coll": "8", "ora": "05/03/2018 - 10:07", "scrutinio": "In Corso"},	
	{"ente": "LOMBARDIA 3", "href": "", "enti_perv": "1.908", "enti": "1.996", "coll_perv": "2", "coll": "8", "ora": "05/03/2018 - 10:00", "scrutinio": "In Corso"},	
	{"ente": "LOMBARDIA 4", "href": "", "enti_perv": "1.536", "enti": "1.701", "coll_perv": "1", "coll": "6", "ora": "05/03/2018 - 10:07", "scrutinio": "In Corso"},	
	{"ente": "VENETO 1", "href": "", "enti_perv": "1.881", "enti": "1.883", "coll_perv": "6", "coll": "8", "ora": "05/03/2018 - 09:57", "scrutinio": "In Corso"},	
	{"ente": "VENETO 2", "href": "", "enti_perv": "2.817", "enti": "2.856", "coll_perv": "7", "coll": "11", "ora": "05/03/2018 - 09:54", "scrutinio": "In Corso"},	
	{"ente": "FRIULI-VENEZIA GIULIA", "href": "", "enti_perv": "1.362", "enti": "1.369", "coll_perv": "2", "coll": "5", "ora": "05/03/2018 - 09:46", "scrutinio": "In Corso"},	
	{"ente": "LIGURIA", "href": "", "enti_perv": "1.753", "enti": "1.789", "coll_perv": "3", "coll": "6", "ora": "05/03/2018 - 09:59", "scrutinio": "In Corso"},	
	{"ente": "EMILIA-ROMAGNA", "href": "", "enti_perv": "4.423", "enti": "4.510", "coll_perv": "11", "coll": "17", "ora": "05/03/2018 - 09:59", "scrutinio": "In Corso"},	
	{"ente": "TOSCANA", "href": "", "enti_perv": "3.900", "enti": "3.954", "coll_perv": "11", "coll": "14", "ora": "05/03/2018 - 10:04", "scrutinio": "In Corso"},	
	{"ente": "UMBRIA", "href": "", "enti_perv": "1.004", "enti": "1.005", "coll_perv": "2", "coll": "3", "ora": "05/03/2018 - 09:57", "scrutinio": "In Corso"},	
	{"ente": "MARCHE", "href": "", "enti_perv": "1.569", "enti": "1.574", "coll_perv": "4", "coll": "6", "ora": "05/03/2018 - 09:52", "scrutinio": "In Corso"},	
	{"ente": "LAZIO 1", "href": "", "enti_perv": "2.811", "enti": "3.473", "coll_perv": "0", "coll": "14", "ora": "05/03/2018 - 10:05", "scrutinio": "In Corso"},	
	{"ente": "LAZIO 2", "href": "", "enti_perv": "1.108", "enti": "1.812", "coll_perv": "0", "coll": "7", "ora": "05/03/2018 - 10:02", "scrutinio": "In Corso"},	
	{"ente": "ABRUZZO", "href": "", "enti_perv": "1.401", "enti": "1.639", "coll_perv": "0", "coll": "5", "ora": "05/03/2018 - 10:07", "scrutinio": "In Corso"},	
	{"ente": "MOLISE", "href": "", "enti_perv": "344", "enti": "394", "coll_perv": "0", "coll": "2", "ora": "05/03/2018 - 09:58", "scrutinio": "In Corso"},	
	{"ente": "CAMPANIA 1", "href": "", "enti_perv": "2.867", "enti": "2.894", "coll_perv": "10", "coll": "12", "ora": "05/03/2018 - 10:06", "scrutinio": "In Corso"},	
	{"ente": "CAMPANIA 2", "href": "", "enti_perv": "2.205", "enti": "2.932", "coll_perv": "0", "coll": "10", "ora": "05/03/2018 - 10:06", "scrutinio": "In Corso"},	
	{"ente": "PUGLIA", "href": "", "enti_perv": "3.618", "enti": "4.026", "coll_perv": "5", "coll": "16", "ora": "05/03/2018 - 10:04", "scrutinio": "In Corso"},	
	{"ente": "BASILICATA", "href": "", "enti_perv": "607", "enti": "681", "coll_perv": "0", "coll": "2", "ora": "05/03/2018 - 10:01", "scrutinio": "In Corso"},	
	{"ente": "CALABRIA", "href": "", "enti_perv": "1.881", "enti": "2.416", "coll_perv": "1", "coll": "8", "ora": "05/03/2018 - 09:58", "scrutinio": "In Corso"},	
	{"ente": "SICILIA 1", "href": "", "enti_perv": "2.215", "enti": "2.411", "coll_perv": "4", "coll": "9", "ora": "05/03/2018 - 09:40", "scrutinio": "In Corso"},	
	{"ente": "SICILIA 2", "href": "", "enti_perv": "2.245", "enti": "2.887", "coll_perv": "2", "coll": "10", "ora": "05/03/2018 - 09:57", "scrutinio": "In Corso"},	
	{"ente": "SARDEGNA", "href": "", "enti_perv": "1.712", "enti": "1.838", "coll_perv": "0", "coll": "6", "ora": "05/03/2018 - 10:06", "scrutinio": "In Corso"},	
	{"ente": "VALLE D'AOSTA", "href": "", "enti_perv": "151", "enti": "151", "coll_perv": "1", "coll": "1", "ora": "05/03/2018 - 07:36", "scrutinio": "Definitivo"},	
	{"ente": "TRENTINO-ALTO ADIGE/S&Uuml;DTIROL", "href": "", "enti_perv": "897", "enti": "1.016", "coll_perv": "3", "coll": "6", "ora": "05/03/2018 - 09:50", "scrutinio": "In Corso"}
	]				               
 }	
	