{ 
"status": "ESERCIZIO",
"note": [
	{"testo": ""}
	],
"tipo_ente": "Circoscrizione",
"righe": [	
	{"ente": "PIEMONTE 1", "href": "", "enti_perv": "1.961", "enti": "2.322", "coll_perv": "0", "coll": "9", "ora": "05/03/2018 - 08:57", "scrutinio": "In Corso"},	
	{"ente": "PIEMONTE 2", "href": "", "enti_perv": "2.230", "enti": "2.493", "coll_perv": "0", "coll": "8", "ora": "05/03/2018 - 08:57", "scrutinio": "In Corso"},	
	{"ente": "LOMBARDIA 1", "href": "", "enti_perv": "3.189", "enti": "3.547", "coll_perv": "0", "coll": "15", "ora": "05/03/2018 - 08:54", "scrutinio": "In Corso"},	
	{"ente": "LOMBARDIA 2", "href": "", "enti_perv": "932", "enti": "1.983", "coll_perv": "0", "coll": "8", "ora": "05/03/2018 - 08:56", "scrutinio": "In Corso"},	
	{"ente": "LOMBARDIA 3", "href": "", "enti_perv": "1.679", "enti": "1.996", "coll_perv": "1", "coll": "8", "ora": "05/03/2018 - 08:52", "scrutinio": "In Corso"},	
	{"ente": "LOMBARDIA 4", "href": "", "enti_perv": "1.321", "enti": "1.701", "coll_perv": "0", "coll": "6", "ora": "05/03/2018 - 08:52", "scrutinio": "In Corso"},	
	{"ente": "VENETO 1", "href": "", "enti_perv": "1.835", "enti": "1.883", "coll_perv": "1", "coll": "8", "ora": "05/03/2018 - 08:54", "scrutinio": "In Corso"},	
	{"ente": "VENETO 2", "href": "", "enti_perv": "2.611", "enti": "2.856", "coll_perv": "1", "coll": "11", "ora": "05/03/2018 - 08:55", "scrutinio": "In Corso"},	
	{"ente": "FRIULI-VENEZIA GIULIA", "href": "", "enti_perv": "1.303", "enti": "1.369", "coll_perv": "0", "coll": "5", "ora": "05/03/2018 - 08:55", "scrutinio": "In Corso"},	
	{"ente": "LIGURIA", "href": "", "enti_perv": "1.649", "enti": "1.789", "coll_perv": "0", "coll": "6", "ora": "05/03/2018 - 08:41", "scrutinio": "In Corso"},	
	{"ente": "EMILIA-ROMAGNA", "href": "", "enti_perv": "3.704", "enti": "4.510", "coll_perv": "0", "coll": "17", "ora": "05/03/2018 - 08:54", "scrutinio": "In Corso"},	
	{"ente": "TOSCANA", "href": "", "enti_perv": "3.554", "enti": "3.954", "coll_perv": "2", "coll": "14", "ora": "05/03/2018 - 08:56", "scrutinio": "In Corso"},	
	{"ente": "UMBRIA", "href": "", "enti_perv": "792", "enti": "1.005", "coll_perv": "0", "coll": "3", "ora": "05/03/2018 - 08:47", "scrutinio": "In Corso"},	
	{"ente": "MARCHE", "href": "", "enti_perv": "1.430", "enti": "1.574", "coll_perv": "0", "coll": "6", "ora": "05/03/2018 - 08:54", "scrutinio": "In Corso"},	
	{"ente": "LAZIO 1", "href": "", "enti_perv": "2.551", "enti": "3.473", "coll_perv": "0", "coll": "14", "ora": "05/03/2018 - 08:53", "scrutinio": "In Corso"},	
	{"ente": "LAZIO 2", "href": "", "enti_perv": "811", "enti": "1.812", "coll_perv": "0", "coll": "7", "ora": "05/03/2018 - 08:56", "scrutinio": "In Corso"},	
	{"ente": "ABRUZZO", "href": "", "enti_perv": "1.087", "enti": "1.639", "coll_perv": "0", "coll": "5", "ora": "05/03/2018 - 08:51", "scrutinio": "In Corso"},	
	{"ente": "MOLISE", "href": "", "enti_perv": "276", "enti": "394", "coll_perv": "0", "coll": "2", "ora": "05/03/2018 - 08:50", "scrutinio": "In Corso"},	
	{"ente": "CAMPANIA 1", "href": "", "enti_perv": "2.815", "enti": "2.894", "coll_perv": "3", "coll": "12", "ora": "05/03/2018 - 08:56", "scrutinio": "In Corso"},	
	{"ente": "CAMPANIA 2", "href": "", "enti_perv": "1.647", "enti": "2.932", "coll_perv": "0", "coll": "10", "ora": "05/03/2018 - 08:56", "scrutinio": "In Corso"},	
	{"ente": "PUGLIA", "href": "", "enti_perv": "3.289", "enti": "4.026", "coll_perv": "0", "coll": "16", "ora": "05/03/2018 - 08:56", "scrutinio": "In Corso"},	
	{"ente": "BASILICATA", "href": "", "enti_perv": "509", "enti": "681", "coll_perv": "0", "coll": "2", "ora": "05/03/2018 - 08:55", "scrutinio": "In Corso"},	
	{"ente": "CALABRIA", "href": "", "enti_perv": "1.506", "enti": "2.416", "coll_perv": "0", "coll": "8", "ora": "05/03/2018 - 08:56", "scrutinio": "In Corso"},	
	{"ente": "SICILIA 1", "href": "", "enti_perv": "2.081", "enti": "2.411", "coll_perv": "2", "coll": "9", "ora": "05/03/2018 - 08:56", "scrutinio": "In Corso"},	
	{"ente": "SICILIA 2", "href": "", "enti_perv": "1.861", "enti": "2.887", "coll_perv": "0", "coll": "10", "ora": "05/03/2018 - 08:57", "scrutinio": "In Corso"},	
	{"ente": "SARDEGNA", "href": "", "enti_perv": "1.530", "enti": "1.838", "coll_perv": "0", "coll": "6", "ora": "05/03/2018 - 08:49", "scrutinio": "In Corso"},	
	{"ente": "VALLE D'AOSTA", "href": "", "enti_perv": "151", "enti": "151", "coll_perv": "1", "coll": "1", "ora": "05/03/2018 - 07:36", "scrutinio": "Definitivo"},	
	{"ente": "TRENTINO-ALTO ADIGE/S&Uuml;DTIROL", "href": "", "enti_perv": "790", "enti": "1.016", "coll_perv": "0", "coll": "6", "ora": "05/03/2018 - 08:52", "scrutinio": "In Corso"}
	]				               
 }	
	