{ 
"status": "ESERCIZIO",
"note": [
	{"testo": ""}
	],
"tipo_ente": "Circoscrizione",
"righe": [	
	{"ente": "PIEMONTE 1", "href": "", "enti_perv": "2.118", "enti": "2.322", "coll_perv": "3", "coll": "9", "ora": "05/03/2018 - 09:26", "scrutinio": "In Corso"},	
	{"ente": "PIEMONTE 2", "href": "", "enti_perv": "2.443", "enti": "2.493", "coll_perv": "2", "coll": "8", "ora": "05/03/2018 - 09:26", "scrutinio": "In Corso"},	
	{"ente": "LOMBARDIA 1", "href": "", "enti_perv": "3.328", "enti": "3.547", "coll_perv": "0", "coll": "15", "ora": "05/03/2018 - 09:26", "scrutinio": "In Corso"},	
	{"ente": "LOMBARDIA 2", "href": "", "enti_perv": "1.137", "enti": "1.983", "coll_perv": "0", "coll": "8", "ora": "05/03/2018 - 09:26", "scrutinio": "In Corso"},	
	{"ente": "LOMBARDIA 3", "href": "", "enti_perv": "1.891", "enti": "1.996", "coll_perv": "1", "coll": "8", "ora": "05/03/2018 - 09:26", "scrutinio": "In Corso"},	
	{"ente": "LOMBARDIA 4", "href": "", "enti_perv": "1.500", "enti": "1.701", "coll_perv": "1", "coll": "6", "ora": "05/03/2018 - 09:26", "scrutinio": "In Corso"},	
	{"ente": "VENETO 1", "href": "", "enti_perv": "1.878", "enti": "1.883", "coll_perv": "5", "coll": "8", "ora": "05/03/2018 - 09:26", "scrutinio": "In Corso"},	
	{"ente": "VENETO 2", "href": "", "enti_perv": "2.770", "enti": "2.856", "coll_perv": "3", "coll": "11", "ora": "05/03/2018 - 09:26", "scrutinio": "In Corso"},	
	{"ente": "FRIULI-VENEZIA GIULIA", "href": "", "enti_perv": "1.358", "enti": "1.369", "coll_perv": "1", "coll": "5", "ora": "05/03/2018 - 09:26", "scrutinio": "In Corso"},	
	{"ente": "LIGURIA", "href": "", "enti_perv": "1.684", "enti": "1.789", "coll_perv": "0", "coll": "6", "ora": "05/03/2018 - 09:26", "scrutinio": "In Corso"},	
	{"ente": "EMILIA-ROMAGNA", "href": "", "enti_perv": "4.092", "enti": "4.510", "coll_perv": "9", "coll": "17", "ora": "05/03/2018 - 09:26", "scrutinio": "In Corso"},	
	{"ente": "TOSCANA", "href": "", "enti_perv": "3.851", "enti": "3.954", "coll_perv": "7", "coll": "14", "ora": "05/03/2018 - 09:26", "scrutinio": "In Corso"},	
	{"ente": "UMBRIA", "href": "", "enti_perv": "922", "enti": "1.005", "coll_perv": "1", "coll": "3", "ora": "05/03/2018 - 09:26", "scrutinio": "In Corso"},	
	{"ente": "MARCHE", "href": "", "enti_perv": "1.565", "enti": "1.574", "coll_perv": "3", "coll": "6", "ora": "05/03/2018 - 09:26", "scrutinio": "In Corso"},	
	{"ente": "LAZIO 1", "href": "", "enti_perv": "2.694", "enti": "3.473", "coll_perv": "0", "coll": "14", "ora": "05/03/2018 - 09:26", "scrutinio": "In Corso"},	
	{"ente": "LAZIO 2", "href": "", "enti_perv": "928", "enti": "1.812", "coll_perv": "0", "coll": "7", "ora": "05/03/2018 - 09:26", "scrutinio": "In Corso"},	
	{"ente": "ABRUZZO", "href": "", "enti_perv": "1.267", "enti": "1.639", "coll_perv": "0", "coll": "5", "ora": "05/03/2018 - 09:26", "scrutinio": "In Corso"},	
	{"ente": "MOLISE", "href": "", "enti_perv": "298", "enti": "394", "coll_perv": "0", "coll": "2", "ora": "05/03/2018 - 09:26", "scrutinio": "In Corso"},	
	{"ente": "CAMPANIA 1", "href": "", "enti_perv": "2.846", "enti": "2.894", "coll_perv": "7", "coll": "12", "ora": "05/03/2018 - 09:26", "scrutinio": "In Corso"},	
	{"ente": "CAMPANIA 2", "href": "", "enti_perv": "2.018", "enti": "2.932", "coll_perv": "0", "coll": "10", "ora": "05/03/2018 - 09:26", "scrutinio": "In Corso"},	
	{"ente": "PUGLIA", "href": "", "enti_perv": "3.588", "enti": "4.026", "coll_perv": "3", "coll": "16", "ora": "05/03/2018 - 09:26", "scrutinio": "In Corso"},	
	{"ente": "BASILICATA", "href": "", "enti_perv": "555", "enti": "681", "coll_perv": "0", "coll": "2", "ora": "05/03/2018 - 09:26", "scrutinio": "In Corso"},	
	{"ente": "CALABRIA", "href": "", "enti_perv": "1.763", "enti": "2.416", "coll_perv": "1", "coll": "8", "ora": "05/03/2018 - 09:26", "scrutinio": "In Corso"},	
	{"ente": "SICILIA 1", "href": "", "enti_perv": "2.206", "enti": "2.411", "coll_perv": "4", "coll": "9", "ora": "05/03/2018 - 09:26", "scrutinio": "In Corso"},	
	{"ente": "SICILIA 2", "href": "", "enti_perv": "2.123", "enti": "2.887", "coll_perv": "1", "coll": "10", "ora": "05/03/2018 - 09:26", "scrutinio": "In Corso"},	
	{"ente": "SARDEGNA", "href": "", "enti_perv": "1.673", "enti": "1.838", "coll_perv": "0", "coll": "6", "ora": "05/03/2018 - 09:26", "scrutinio": "In Corso"},	
	{"ente": "VALLE D'AOSTA", "href": "", "enti_perv": "151", "enti": "151", "coll_perv": "1", "coll": "1", "ora": "05/03/2018 - 07:36", "scrutinio": "Definitivo"},	
	{"ente": "TRENTINO-ALTO ADIGE/S&Uuml;DTIROL", "href": "", "enti_perv": "847", "enti": "1.016", "coll_perv": "2", "coll": "6", "ora": "05/03/2018 - 09:26", "scrutinio": "In Corso"}
	]				               
 }	
	