{ 
"status": "ESERCIZIO",
"note": [
	{"testo": ""}
	],
"tipo_ente": "Circoscrizione",
"righe": [	
	{"ente": "PIEMONTE 1", "href": "", "enti_perv": "1.921", "enti": "2.322", "coll_perv": "0", "coll": "9", "ora": "05/03/2018 - 08:18", "scrutinio": "In Corso"},	
	{"ente": "PIEMONTE 2", "href": "", "enti_perv": "2.180", "enti": "2.493", "coll_perv": "0", "coll": "8", "ora": "05/03/2018 - 08:17", "scrutinio": "In Corso"},	
	{"ente": "LOMBARDIA 1", "href": "", "enti_perv": "3.101", "enti": "3.547", "coll_perv": "0", "coll": "15", "ora": "05/03/2018 - 08:15", "scrutinio": "In Corso"},	
	{"ente": "LOMBARDIA 2", "href": "", "enti_perv": "827", "enti": "1.983", "coll_perv": "0", "coll": "8", "ora": "05/03/2018 - 08:27", "scrutinio": "In Corso"},	
	{"ente": "LOMBARDIA 3", "href": "", "enti_perv": "1.627", "enti": "1.996", "coll_perv": "0", "coll": "8", "ora": "05/03/2018 - 08:16", "scrutinio": "In Corso"},	
	{"ente": "LOMBARDIA 4", "href": "", "enti_perv": "1.237", "enti": "1.701", "coll_perv": "0", "coll": "6", "ora": "05/03/2018 - 08:16", "scrutinio": "In Corso"},	
	{"ente": "VENETO 1", "href": "", "enti_perv": "1.833", "enti": "1.883", "coll_perv": "1", "coll": "8", "ora": "05/03/2018 - 08:14", "scrutinio": "In Corso"},	
	{"ente": "VENETO 2", "href": "", "enti_perv": "2.527", "enti": "2.856", "coll_perv": "1", "coll": "11", "ora": "05/03/2018 - 08:17", "scrutinio": "In Corso"},	
	{"ente": "FRIULI-VENEZIA GIULIA", "href": "", "enti_perv": "1.262", "enti": "1.369", "coll_perv": "0", "coll": "5", "ora": "05/03/2018 - 08:18", "scrutinio": "In Corso"},	
	{"ente": "LIGURIA", "href": "", "enti_perv": "1.648", "enti": "1.789", "coll_perv": "0", "coll": "6", "ora": "05/03/2018 - 08:13", "scrutinio": "In Corso"},	
	{"ente": "EMILIA-ROMAGNA", "href": "", "enti_perv": "3.653", "enti": "4.510", "coll_perv": "0", "coll": "17", "ora": "05/03/2018 - 08:18", "scrutinio": "In Corso"},	
	{"ente": "TOSCANA", "href": "", "enti_perv": "3.485", "enti": "3.954", "coll_perv": "2", "coll": "14", "ora": "05/03/2018 - 08:27", "scrutinio": "In Corso"},	
	{"ente": "UMBRIA", "href": "", "enti_perv": "775", "enti": "1.005", "coll_perv": "0", "coll": "3", "ora": "05/03/2018 - 08:17", "scrutinio": "In Corso"},	
	{"ente": "MARCHE", "href": "", "enti_perv": "1.421", "enti": "1.574", "coll_perv": "0", "coll": "6", "ora": "05/03/2018 - 08:18", "scrutinio": "In Corso"},	
	{"ente": "LAZIO 1", "href": "", "enti_perv": "2.370", "enti": "3.473", "coll_perv": "0", "coll": "14", "ora": "05/03/2018 - 08:17", "scrutinio": "In Corso"},	
	{"ente": "LAZIO 2", "href": "", "enti_perv": "756", "enti": "1.812", "coll_perv": "0", "coll": "7", "ora": "05/03/2018 - 08:27", "scrutinio": "In Corso"},	
	{"ente": "ABRUZZO", "href": "", "enti_perv": "1.058", "enti": "1.639", "coll_perv": "0", "coll": "5", "ora": "05/03/2018 - 08:18", "scrutinio": "In Corso"},	
	{"ente": "MOLISE", "href": "", "enti_perv": "234", "enti": "394", "coll_perv": "0", "coll": "2", "ora": "05/03/2018 - 08:13", "scrutinio": "In Corso"},	
	{"ente": "CAMPANIA 1", "href": "", "enti_perv": "2.783", "enti": "2.894", "coll_perv": "1", "coll": "12", "ora": "05/03/2018 - 08:27", "scrutinio": "In Corso"},	
	{"ente": "CAMPANIA 2", "href": "", "enti_perv": "1.329", "enti": "2.932", "coll_perv": "0", "coll": "10", "ora": "05/03/2018 - 08:17", "scrutinio": "In Corso"},	
	{"ente": "PUGLIA", "href": "", "enti_perv": "3.189", "enti": "4.026", "coll_perv": "0", "coll": "16", "ora": "05/03/2018 - 08:27", "scrutinio": "In Corso"},	
	{"ente": "BASILICATA", "href": "", "enti_perv": "478", "enti": "681", "coll_perv": "0", "coll": "2", "ora": "05/03/2018 - 08:18", "scrutinio": "In Corso"},	
	{"ente": "CALABRIA", "href": "", "enti_perv": "1.349", "enti": "2.416", "coll_perv": "0", "coll": "8", "ora": "05/03/2018 - 08:18", "scrutinio": "In Corso"},	
	{"ente": "SICILIA 1", "href": "", "enti_perv": "1.890", "enti": "2.411", "coll_perv": "1", "coll": "9", "ora": "05/03/2018 - 08:14", "scrutinio": "In Corso"},	
	{"ente": "SICILIA 2", "href": "", "enti_perv": "1.799", "enti": "2.887", "coll_perv": "0", "coll": "10", "ora": "05/03/2018 - 08:16", "scrutinio": "In Corso"},	
	{"ente": "SARDEGNA", "href": "", "enti_perv": "1.484", "enti": "1.838", "coll_perv": "0", "coll": "6", "ora": "05/03/2018 - 08:27", "scrutinio": "In Corso"},	
	{"ente": "VALLE D'AOSTA", "href": "", "enti_perv": "151", "enti": "151", "coll_perv": "1", "coll": "1", "ora": "05/03/2018 - 07:36", "scrutinio": "Definitivo"},	
	{"ente": "TRENTINO-ALTO ADIGE/S&Uuml;DTIROL", "href": "", "enti_perv": "763", "enti": "1.016", "coll_perv": "0", "coll": "6", "ora": "05/03/2018 - 07:55", "scrutinio": "In Corso"}
	]				               
 }	
	