{ 
"status": "ESERCIZIO",
"note": [
	{"testo": ""}
	],
"tipo_ente": "Circoscrizione",
"righe": [	
	{"ente": "PIEMONTE 1", "href": "", "enti_perv": "1.721", "enti": "2.322", "coll_perv": "0", "coll": "9", "ora": "05/03/2018 - 07:17", "scrutinio": "In Corso"},	
	{"ente": "PIEMONTE 2", "href": "", "enti_perv": "1.972", "enti": "2.493", "coll_perv": "0", "coll": "8", "ora": "05/03/2018 - 07:16", "scrutinio": "In Corso"},	
	{"ente": "LOMBARDIA 1", "href": "", "enti_perv": "2.843", "enti": "3.547", "coll_perv": "0", "coll": "15", "ora": "05/03/2018 - 07:14", "scrutinio": "In Corso"},	
	{"ente": "LOMBARDIA 2", "href": "", "enti_perv": "619", "enti": "1.983", "coll_perv": "0", "coll": "8", "ora": "05/03/2018 - 07:16", "scrutinio": "In Corso"},	
	{"ente": "LOMBARDIA 3", "href": "", "enti_perv": "1.233", "enti": "1.996", "coll_perv": "0", "coll": "8", "ora": "05/03/2018 - 07:17", "scrutinio": "In Corso"},	
	{"ente": "LOMBARDIA 4", "href": "", "enti_perv": "973", "enti": "1.701", "coll_perv": "0", "coll": "6", "ora": "05/03/2018 - 07:15", "scrutinio": "In Corso"},	
	{"ente": "VENETO 1", "href": "", "enti_perv": "1.755", "enti": "1.883", "coll_perv": "0", "coll": "8", "ora": "05/03/2018 - 07:16", "scrutinio": "In Corso"},	
	{"ente": "VENETO 2", "href": "", "enti_perv": "1.963", "enti": "2.856", "coll_perv": "0", "coll": "11", "ora": "05/03/2018 - 07:17", "scrutinio": "In Corso"},	
	{"ente": "FRIULI-VENEZIA GIULIA", "href": "", "enti_perv": "1.046", "enti": "1.369", "coll_perv": "0", "coll": "5", "ora": "05/03/2018 - 07:17", "scrutinio": "In Corso"},	
	{"ente": "LIGURIA", "href": "", "enti_perv": "1.604", "enti": "1.789", "coll_perv": "0", "coll": "6", "ora": "05/03/2018 - 07:13", "scrutinio": "In Corso"},	
	{"ente": "EMILIA-ROMAGNA", "href": "", "enti_perv": "3.360", "enti": "4.510", "coll_perv": "0", "coll": "17", "ora": "05/03/2018 - 07:16", "scrutinio": "In Corso"},	
	{"ente": "TOSCANA", "href": "", "enti_perv": "3.223", "enti": "3.954", "coll_perv": "0", "coll": "14", "ora": "05/03/2018 - 07:17", "scrutinio": "In Corso"},	
	{"ente": "UMBRIA", "href": "", "enti_perv": "689", "enti": "1.005", "coll_perv": "0", "coll": "3", "ora": "05/03/2018 - 07:03", "scrutinio": "In Corso"},	
	{"ente": "MARCHE", "href": "", "enti_perv": "1.292", "enti": "1.574", "coll_perv": "0", "coll": "6", "ora": "05/03/2018 - 07:15", "scrutinio": "In Corso"},	
	{"ente": "LAZIO 1", "href": "", "enti_perv": "2.115", "enti": "3.473", "coll_perv": "0", "coll": "14", "ora": "05/03/2018 - 07:14", "scrutinio": "In Corso"},	
	{"ente": "LAZIO 2", "href": "", "enti_perv": "448", "enti": "1.812", "coll_perv": "0", "coll": "7", "ora": "05/03/2018 - 07:14", "scrutinio": "In Corso"},	
	{"ente": "ABRUZZO", "href": "", "enti_perv": "773", "enti": "1.639", "coll_perv": "0", "coll": "5", "ora": "05/03/2018 - 07:17", "scrutinio": "In Corso"},	
	{"ente": "MOLISE", "href": "", "enti_perv": "171", "enti": "394", "coll_perv": "0", "coll": "2", "ora": "05/03/2018 - 07:14", "scrutinio": "In Corso"},	
	{"ente": "CAMPANIA 1", "href": "", "enti_perv": "2.699", "enti": "2.894", "coll_perv": "0", "coll": "12", "ora": "05/03/2018 - 07:17", "scrutinio": "In Corso"},	
	{"ente": "CAMPANIA 2", "href": "", "enti_perv": "848", "enti": "2.932", "coll_perv": "0", "coll": "10", "ora": "05/03/2018 - 07:15", "scrutinio": "In Corso"},	
	{"ente": "PUGLIA", "href": "", "enti_perv": "2.533", "enti": "4.026", "coll_perv": "0", "coll": "16", "ora": "05/03/2018 - 07:17", "scrutinio": "In Corso"},	
	{"ente": "BASILICATA", "href": "", "enti_perv": "329", "enti": "681", "coll_perv": "0", "coll": "2", "ora": "05/03/2018 - 07:16", "scrutinio": "In Corso"},	
	{"ente": "CALABRIA", "href": "", "enti_perv": "1.037", "enti": "2.416", "coll_perv": "0", "coll": "8", "ora": "05/03/2018 - 07:16", "scrutinio": "In Corso"},	
	{"ente": "SICILIA 1", "href": "", "enti_perv": "1.524", "enti": "2.411", "coll_perv": "0", "coll": "9", "ora": "05/03/2018 - 07:16", "scrutinio": "In Corso"},	
	{"ente": "SICILIA 2", "href": "", "enti_perv": "1.431", "enti": "2.887", "coll_perv": "0", "coll": "10", "ora": "05/03/2018 - 07:17", "scrutinio": "In Corso"},	
	{"ente": "SARDEGNA", "href": "", "enti_perv": "1.176", "enti": "1.838", "coll_perv": "0", "coll": "6", "ora": "05/03/2018 - 07:17", "scrutinio": "In Corso"},	
	{"ente": "VALLE D'AOSTA", "href": "", "enti_perv": "151", "enti": "151", "coll_perv": "1", "coll": "1", "ora": "05/03/2018 - 05:33", "scrutinio": "Definitivo"},	
	{"ente": "TRENTINO-ALTO ADIGE/S&Uuml;DTIROL", "href": "", "enti_perv": "685", "enti": "1.016", "coll_perv": "0", "coll": "6", "ora": "05/03/2018 - 07:17", "scrutinio": "In Corso"}
	]				               
 }	
	