{ 
"status": "ESERCIZIO",
"note": [
	{"testo": ""}
	],
"tipo_ente": "Circoscrizione",
"righe": [	
	{"ente": "PIEMONTE 1", "href": "", "enti_perv": "2.007", "enti": "2.322", "coll_perv": "1", "coll": "9", "ora": "05/03/2018 - 09:06", "scrutinio": "In Corso"},	
	{"ente": "PIEMONTE 2", "href": "", "enti_perv": "2.268", "enti": "2.493", "coll_perv": "0", "coll": "8", "ora": "05/03/2018 - 09:06", "scrutinio": "In Corso"},	
	{"ente": "LOMBARDIA 1", "href": "", "enti_perv": "3.228", "enti": "3.547", "coll_perv": "0", "coll": "15", "ora": "05/03/2018 - 09:03", "scrutinio": "In Corso"},	
	{"ente": "LOMBARDIA 2", "href": "", "enti_perv": "957", "enti": "1.983", "coll_perv": "0", "coll": "8", "ora": "05/03/2018 - 09:05", "scrutinio": "In Corso"},	
	{"ente": "LOMBARDIA 3", "href": "", "enti_perv": "1.687", "enti": "1.996", "coll_perv": "1", "coll": "8", "ora": "05/03/2018 - 09:06", "scrutinio": "In Corso"},	
	{"ente": "LOMBARDIA 4", "href": "", "enti_perv": "1.341", "enti": "1.701", "coll_perv": "0", "coll": "6", "ora": "05/03/2018 - 09:07", "scrutinio": "In Corso"},	
	{"ente": "VENETO 1", "href": "", "enti_perv": "1.838", "enti": "1.883", "coll_perv": "1", "coll": "8", "ora": "05/03/2018 - 08:58", "scrutinio": "In Corso"},	
	{"ente": "VENETO 2", "href": "", "enti_perv": "2.623", "enti": "2.856", "coll_perv": "2", "coll": "11", "ora": "05/03/2018 - 09:04", "scrutinio": "In Corso"},	
	{"ente": "FRIULI-VENEZIA GIULIA", "href": "", "enti_perv": "1.307", "enti": "1.369", "coll_perv": "0", "coll": "5", "ora": "05/03/2018 - 09:03", "scrutinio": "In Corso"},	
	{"ente": "LIGURIA", "href": "", "enti_perv": "1.654", "enti": "1.789", "coll_perv": "0", "coll": "6", "ora": "05/03/2018 - 09:04", "scrutinio": "In Corso"},	
	{"ente": "EMILIA-ROMAGNA", "href": "", "enti_perv": "3.709", "enti": "4.510", "coll_perv": "0", "coll": "17", "ora": "05/03/2018 - 09:05", "scrutinio": "In Corso"},	
	{"ente": "TOSCANA", "href": "", "enti_perv": "3.578", "enti": "3.954", "coll_perv": "2", "coll": "14", "ora": "05/03/2018 - 09:04", "scrutinio": "In Corso"},	
	{"ente": "UMBRIA", "href": "", "enti_perv": "814", "enti": "1.005", "coll_perv": "0", "coll": "3", "ora": "05/03/2018 - 09:03", "scrutinio": "In Corso"},	
	{"ente": "MARCHE", "href": "", "enti_perv": "1.431", "enti": "1.574", "coll_perv": "0", "coll": "6", "ora": "05/03/2018 - 09:03", "scrutinio": "In Corso"},	
	{"ente": "LAZIO 1", "href": "", "enti_perv": "2.552", "enti": "3.473", "coll_perv": "0", "coll": "14", "ora": "05/03/2018 - 09:05", "scrutinio": "In Corso"},	
	{"ente": "LAZIO 2", "href": "", "enti_perv": "852", "enti": "1.812", "coll_perv": "0", "coll": "7", "ora": "05/03/2018 - 09:05", "scrutinio": "In Corso"},	
	{"ente": "ABRUZZO", "href": "", "enti_perv": "1.100", "enti": "1.639", "coll_perv": "0", "coll": "5", "ora": "05/03/2018 - 09:07", "scrutinio": "In Corso"},	
	{"ente": "MOLISE", "href": "", "enti_perv": "282", "enti": "394", "coll_perv": "0", "coll": "2", "ora": "05/03/2018 - 09:03", "scrutinio": "In Corso"},	
	{"ente": "CAMPANIA 1", "href": "", "enti_perv": "2.824", "enti": "2.894", "coll_perv": "3", "coll": "12", "ora": "05/03/2018 - 09:07", "scrutinio": "In Corso"},	
	{"ente": "CAMPANIA 2", "href": "", "enti_perv": "1.724", "enti": "2.932", "coll_perv": "0", "coll": "10", "ora": "05/03/2018 - 09:07", "scrutinio": "In Corso"},	
	{"ente": "PUGLIA", "href": "", "enti_perv": "3.312", "enti": "4.026", "coll_perv": "0", "coll": "16", "ora": "05/03/2018 - 09:06", "scrutinio": "In Corso"},	
	{"ente": "BASILICATA", "href": "", "enti_perv": "516", "enti": "681", "coll_perv": "0", "coll": "2", "ora": "05/03/2018 - 09:07", "scrutinio": "In Corso"},	
	{"ente": "CALABRIA", "href": "", "enti_perv": "1.632", "enti": "2.416", "coll_perv": "0", "coll": "8", "ora": "05/03/2018 - 09:07", "scrutinio": "In Corso"},	
	{"ente": "SICILIA 1", "href": "", "enti_perv": "2.081", "enti": "2.411", "coll_perv": "2", "coll": "9", "ora": "05/03/2018 - 08:56", "scrutinio": "In Corso"},	
	{"ente": "SICILIA 2", "href": "", "enti_perv": "1.894", "enti": "2.887", "coll_perv": "0", "coll": "10", "ora": "05/03/2018 - 09:04", "scrutinio": "In Corso"},	
	{"ente": "SARDEGNA", "href": "", "enti_perv": "1.565", "enti": "1.838", "coll_perv": "0", "coll": "6", "ora": "05/03/2018 - 09:06", "scrutinio": "In Corso"},	
	{"ente": "VALLE D'AOSTA", "href": "", "enti_perv": "151", "enti": "151", "coll_perv": "1", "coll": "1", "ora": "05/03/2018 - 07:36", "scrutinio": "Definitivo"},	
	{"ente": "TRENTINO-ALTO ADIGE/S&Uuml;DTIROL", "href": "", "enti_perv": "800", "enti": "1.016", "coll_perv": "0", "coll": "6", "ora": "05/03/2018 - 09:06", "scrutinio": "In Corso"}
	]				               
 }	
	