{ 
"status": "ESERCIZIO",
"note": [
	{"testo": ""}
	],
"tipo_ente": "Circoscrizione",
"righe": [	
	{"ente": "PIEMONTE 1", "href": "", "enti_perv": "2.235", "enti": "2.322", "coll_perv": "5", "coll": "9", "ora": "05/03/2018 - 10:42", "scrutinio": "In Corso"},	
	{"ente": "PIEMONTE 2", "href": "", "enti_perv": "2.485", "enti": "2.493", "coll_perv": "4", "coll": "8", "ora": "05/03/2018 - 10:38", "scrutinio": "In Corso"},	
	{"ente": "LOMBARDIA 1", "href": "", "enti_perv": "3.460", "enti": "3.547", "coll_perv": "2", "coll": "15", "ora": "05/03/2018 - 10:39", "scrutinio": "In Corso"},	
	{"ente": "LOMBARDIA 2", "href": "", "enti_perv": "1.487", "enti": "1.983", "coll_perv": "0", "coll": "8", "ora": "05/03/2018 - 10:42", "scrutinio": "In Corso"},	
	{"ente": "LOMBARDIA 3", "href": "", "enti_perv": "1.943", "enti": "1.996", "coll_perv": "3", "coll": "8", "ora": "05/03/2018 - 10:37", "scrutinio": "In Corso"},	
	{"ente": "LOMBARDIA 4", "href": "", "enti_perv": "1.625", "enti": "1.701", "coll_perv": "3", "coll": "6", "ora": "05/03/2018 - 10:38", "scrutinio": "In Corso"},	
	{"ente": "VENETO 1", "href": "", "enti_perv": "1.881", "enti": "1.883", "coll_perv": "6", "coll": "8", "ora": "05/03/2018 - 09:57", "scrutinio": "In Corso"},	
	{"ente": "VENETO 2", "href": "", "enti_perv": "2.828", "enti": "2.856", "coll_perv": "8", "coll": "11", "ora": "05/03/2018 - 10:42", "scrutinio": "In Corso"},	
	{"ente": "FRIULI-VENEZIA GIULIA", "href": "", "enti_perv": "1.367", "enti": "1.369", "coll_perv": "3", "coll": "5", "ora": "05/03/2018 - 10:38", "scrutinio": "In Corso"},	
	{"ente": "LIGURIA", "href": "", "enti_perv": "1.759", "enti": "1.789", "coll_perv": "3", "coll": "6", "ora": "05/03/2018 - 10:24", "scrutinio": "In Corso"},	
	{"ente": "EMILIA-ROMAGNA", "href": "", "enti_perv": "4.461", "enti": "4.510", "coll_perv": "14", "coll": "17", "ora": "05/03/2018 - 10:38", "scrutinio": "In Corso"},	
	{"ente": "TOSCANA", "href": "", "enti_perv": "3.909", "enti": "3.954", "coll_perv": "11", "coll": "14", "ora": "05/03/2018 - 10:30", "scrutinio": "In Corso"},	
	{"ente": "UMBRIA", "href": "", "enti_perv": "1.005", "enti": "1.005", "coll_perv": "3", "coll": "3", "ora": "05/03/2018 - 10:08", "scrutinio": "Definitivo"},	
	{"ente": "MARCHE", "href": "", "enti_perv": "1.569", "enti": "1.574", "coll_perv": "4", "coll": "6", "ora": "05/03/2018 - 09:52", "scrutinio": "In Corso"},	
	{"ente": "LAZIO 1", "href": "", "enti_perv": "2.928", "enti": "3.473", "coll_perv": "0", "coll": "14", "ora": "05/03/2018 - 10:39", "scrutinio": "In Corso"},	
	{"ente": "LAZIO 2", "href": "", "enti_perv": "1.188", "enti": "1.812", "coll_perv": "0", "coll": "7", "ora": "05/03/2018 - 10:40", "scrutinio": "In Corso"},	
	{"ente": "ABRUZZO", "href": "", "enti_perv": "1.441", "enti": "1.639", "coll_perv": "0", "coll": "5", "ora": "05/03/2018 - 10:42", "scrutinio": "In Corso"},	
	{"ente": "MOLISE", "href": "", "enti_perv": "349", "enti": "394", "coll_perv": "0", "coll": "2", "ora": "05/03/2018 - 10:24", "scrutinio": "In Corso"},	
	{"ente": "CAMPANIA 1", "href": "", "enti_perv": "2.873", "enti": "2.894", "coll_perv": "11", "coll": "12", "ora": "05/03/2018 - 10:31", "scrutinio": "In Corso"},	
	{"ente": "CAMPANIA 2", "href": "", "enti_perv": "2.487", "enti": "2.932", "coll_perv": "0", "coll": "10", "ora": "05/03/2018 - 10:42", "scrutinio": "In Corso"},	
	{"ente": "PUGLIA", "href": "", "enti_perv": "3.691", "enti": "4.026", "coll_perv": "8", "coll": "16", "ora": "05/03/2018 - 10:40", "scrutinio": "In Corso"},	
	{"ente": "BASILICATA", "href": "", "enti_perv": "636", "enti": "681", "coll_perv": "0", "coll": "2", "ora": "05/03/2018 - 10:42", "scrutinio": "In Corso"},	
	{"ente": "CALABRIA", "href": "", "enti_perv": "2.026", "enti": "2.416", "coll_perv": "2", "coll": "8", "ora": "05/03/2018 - 10:42", "scrutinio": "In Corso"},	
	{"ente": "SICILIA 1", "href": "", "enti_perv": "2.293", "enti": "2.411", "coll_perv": "4", "coll": "9", "ora": "05/03/2018 - 10:24", "scrutinio": "In Corso"},	
	{"ente": "SICILIA 2", "href": "", "enti_perv": "2.400", "enti": "2.887", "coll_perv": "3", "coll": "10", "ora": "05/03/2018 - 10:35", "scrutinio": "In Corso"},	
	{"ente": "SARDEGNA", "href": "", "enti_perv": "1.758", "enti": "1.838", "coll_perv": "2", "coll": "6", "ora": "05/03/2018 - 10:39", "scrutinio": "In Corso"},	
	{"ente": "VALLE D'AOSTA", "href": "", "enti_perv": "151", "enti": "151", "coll_perv": "1", "coll": "1", "ora": "05/03/2018 - 07:36", "scrutinio": "Definitivo"},	
	{"ente": "TRENTINO-ALTO ADIGE/S&Uuml;DTIROL", "href": "", "enti_perv": "897", "enti": "1.016", "coll_perv": "3", "coll": "6", "ora": "05/03/2018 - 09:50", "scrutinio": "In Corso"}
	]				               
 }	
	