{ 
"status": "ESERCIZIO",
"note": [
	{"testo": ""}
	],
"tipo_ente": "Circoscrizione",
"righe": [	
	{"ente": "PIEMONTE 1", "href": "", "enti_perv": "521", "enti": "2.322", "coll_perv": "0", "coll": "9", "ora": "05/03/2018 - 03:25", "scrutinio": "In Corso"},	
	{"ente": "PIEMONTE 2", "href": "", "enti_perv": "411", "enti": "2.493", "coll_perv": "0", "coll": "8", "ora": "05/03/2018 - 03:25", "scrutinio": "In Corso"},	
	{"ente": "LOMBARDIA 1", "href": "", "enti_perv": "100", "enti": "3.547", "coll_perv": "0", "coll": "15", "ora": "05/03/2018 - 03:25", "scrutinio": "In Corso"},	
	{"ente": "LOMBARDIA 2", "href": "", "enti_perv": "66", "enti": "1.983", "coll_perv": "0", "coll": "8", "ora": "05/03/2018 - 03:25", "scrutinio": "In Corso"},	
	{"ente": "LOMBARDIA 3", "href": "", "enti_perv": "166", "enti": "1.996", "coll_perv": "0", "coll": "8", "ora": "05/03/2018 - 03:24", "scrutinio": "In Corso"},	
	{"ente": "LOMBARDIA 4", "href": "", "enti_perv": "123", "enti": "1.701", "coll_perv": "0", "coll": "6", "ora": "05/03/2018 - 03:25", "scrutinio": "In Corso"},	
	{"ente": "VENETO 1", "href": "", "enti_perv": "660", "enti": "1.883", "coll_perv": "0", "coll": "8", "ora": "05/03/2018 - 03:25", "scrutinio": "In Corso"},	
	{"ente": "VENETO 2", "href": "", "enti_perv": "410", "enti": "2.856", "coll_perv": "0", "coll": "11", "ora": "05/03/2018 - 03:23", "scrutinio": "In Corso"},	
	{"ente": "FRIULI-VENEZIA GIULIA", "href": "", "enti_perv": "277", "enti": "1.369", "coll_perv": "0", "coll": "5", "ora": "05/03/2018 - 03:25", "scrutinio": "In Corso"},	
	{"ente": "LIGURIA", "href": "", "enti_perv": "454", "enti": "1.789", "coll_perv": "0", "coll": "6", "ora": "05/03/2018 - 03:24", "scrutinio": "In Corso"},	
	{"ente": "EMILIA-ROMAGNA", "href": "", "enti_perv": "800", "enti": "4.510", "coll_perv": "0", "coll": "17", "ora": "05/03/2018 - 03:25", "scrutinio": "In Corso"},	
	{"ente": "TOSCANA", "href": "", "enti_perv": "1.101", "enti": "3.954", "coll_perv": "0", "coll": "14", "ora": "05/03/2018 - 03:25", "scrutinio": "In Corso"},	
	{"ente": "UMBRIA", "href": "", "enti_perv": "127", "enti": "1.005", "coll_perv": "0", "coll": "3", "ora": "05/03/2018 - 03:25", "scrutinio": "In Corso"},	
	{"ente": "MARCHE", "href": "", "enti_perv": "303", "enti": "1.574", "coll_perv": "0", "coll": "6", "ora": "05/03/2018 - 03:25", "scrutinio": "In Corso"},	
	{"ente": "LAZIO 1", "href": "", "enti_perv": "10", "enti": "3.473", "coll_perv": "0", "coll": "14", "ora": "05/03/2018 - 03:08", "scrutinio": "In Corso"},	
	{"ente": "LAZIO 2", "href": "", "enti_perv": "31", "enti": "1.812", "coll_perv": "0", "coll": "7", "ora": "05/03/2018 - 03:23", "scrutinio": "In Corso"},	
	{"ente": "ABRUZZO", "href": "", "enti_perv": "158", "enti": "1.639", "coll_perv": "0", "coll": "5", "ora": "05/03/2018 - 03:25", "scrutinio": "In Corso"},	
	{"ente": "MOLISE", "href": "", "enti_perv": "12", "enti": "394", "coll_perv": "0", "coll": "2", "ora": "05/03/2018 - 03:25", "scrutinio": "In Corso"},	
	{"ente": "CAMPANIA 1", "href": "", "enti_perv": "749", "enti": "2.894", "coll_perv": "0", "coll": "12", "ora": "05/03/2018 - 03:25", "scrutinio": "In Corso"},	
	{"ente": "CAMPANIA 2", "href": "", "enti_perv": "48", "enti": "2.932", "coll_perv": "0", "coll": "10", "ora": "05/03/2018 - 03:17", "scrutinio": "In Corso"},	
	{"ente": "PUGLIA", "href": "", "enti_perv": "271", "enti": "4.026", "coll_perv": "0", "coll": "16", "ora": "05/03/2018 - 03:25", "scrutinio": "In Corso"},	
	{"ente": "BASILICATA", "href": "", "enti_perv": "14", "enti": "681", "coll_perv": "0", "coll": "2", "ora": "05/03/2018 - 03:25", "scrutinio": "In Corso"},	
	{"ente": "CALABRIA", "href": "", "enti_perv": "102", "enti": "2.416", "coll_perv": "0", "coll": "8", "ora": "05/03/2018 - 03:25", "scrutinio": "In Corso"},	
	{"ente": "SICILIA 1", "href": "", "enti_perv": "312", "enti": "2.411", "coll_perv": "0", "coll": "9", "ora": "05/03/2018 - 03:17", "scrutinio": "In Corso"},	
	{"ente": "SICILIA 2", "href": "", "enti_perv": "139", "enti": "2.887", "coll_perv": "0", "coll": "10", "ora": "05/03/2018 - 03:25", "scrutinio": "In Corso"},	
	{"ente": "SARDEGNA", "href": "", "enti_perv": "195", "enti": "1.838", "coll_perv": "0", "coll": "6", "ora": "05/03/2018 - 03:25", "scrutinio": "In Corso"},	
	{"ente": "VALLE D'AOSTA", "href": "", "enti_perv": "50", "enti": "151", "coll_perv": "0", "coll": "1", "ora": "05/03/2018 - 02:22", "scrutinio": "In Corso"},	
	{"ente": "TRENTINO-ALTO ADIGE/S&Uuml;DTIROL", "href": "", "enti_perv": "99", "enti": "1.016", "coll_perv": "0", "coll": "6", "ora": "05/03/2018 - 03:24", "scrutinio": "In Corso"}
	]				               
 }	
	