{ 
"status": "ESERCIZIO",
"note": [
	{"testo": ""}
	],
"tipo_ente": "Circoscrizione",
"righe": [	
	{"ente": "PIEMONTE 1", "href": "", "enti_perv": "2.272", "enti": "2.322", "coll_perv": "6", "coll": "9", "ora": "05/03/2018 - 11:42", "scrutinio": "In Corso"},	
	{"ente": "PIEMONTE 2", "href": "", "enti_perv": "2.490", "enti": "2.493", "coll_perv": "5", "coll": "8", "ora": "05/03/2018 - 11:42", "scrutinio": "In Corso"},	
	{"ente": "LOMBARDIA 1", "href": "", "enti_perv": "3.484", "enti": "3.547", "coll_perv": "3", "coll": "15", "ora": "05/03/2018 - 11:37", "scrutinio": "In Corso"},	
	{"ente": "LOMBARDIA 2", "href": "", "enti_perv": "1.538", "enti": "1.983", "coll_perv": "2", "coll": "8", "ora": "05/03/2018 - 11:41", "scrutinio": "In Corso"},	
	{"ente": "LOMBARDIA 3", "href": "", "enti_perv": "1.974", "enti": "1.996", "coll_perv": "6", "coll": "8", "ora": "05/03/2018 - 11:42", "scrutinio": "In Corso"},	
	{"ente": "LOMBARDIA 4", "href": "", "enti_perv": "1.645", "enti": "1.701", "coll_perv": "4", "coll": "6", "ora": "05/03/2018 - 11:18", "scrutinio": "In Corso"},	
	{"ente": "VENETO 1", "href": "", "enti_perv": "1.881", "enti": "1.883", "coll_perv": "6", "coll": "8", "ora": "05/03/2018 - 09:57", "scrutinio": "In Corso"},	
	{"ente": "VENETO 2", "href": "", "enti_perv": "2.850", "enti": "2.856", "coll_perv": "10", "coll": "11", "ora": "05/03/2018 - 11:21", "scrutinio": "In Corso"},	
	{"ente": "FRIULI-VENEZIA GIULIA", "href": "", "enti_perv": "1.368", "enti": "1.369", "coll_perv": "4", "coll": "5", "ora": "05/03/2018 - 10:52", "scrutinio": "In Corso"},	
	{"ente": "LIGURIA", "href": "", "enti_perv": "1.760", "enti": "1.789", "coll_perv": "4", "coll": "6", "ora": "05/03/2018 - 11:29", "scrutinio": "In Corso"},	
	{"ente": "EMILIA-ROMAGNA", "href": "", "enti_perv": "4.494", "enti": "4.510", "coll_perv": "15", "coll": "17", "ora": "05/03/2018 - 11:32", "scrutinio": "In Corso"},	
	{"ente": "TOSCANA", "href": "", "enti_perv": "3.931", "enti": "3.954", "coll_perv": "12", "coll": "14", "ora": "05/03/2018 - 11:08", "scrutinio": "In Corso"},	
	{"ente": "UMBRIA", "href": "", "enti_perv": "1.005", "enti": "1.005", "coll_perv": "3", "coll": "3", "ora": "05/03/2018 - 10:08", "scrutinio": "Definitivo"},	
	{"ente": "MARCHE", "href": "", "enti_perv": "1.573", "enti": "1.574", "coll_perv": "5", "coll": "6", "ora": "05/03/2018 - 11:42", "scrutinio": "In Corso"},	
	{"ente": "LAZIO 1", "href": "", "enti_perv": "3.021", "enti": "3.473", "coll_perv": "0", "coll": "14", "ora": "05/03/2018 - 11:42", "scrutinio": "In Corso"},	
	{"ente": "LAZIO 2", "href": "", "enti_perv": "1.424", "enti": "1.812", "coll_perv": "0", "coll": "7", "ora": "05/03/2018 - 11:42", "scrutinio": "In Corso"},	
	{"ente": "ABRUZZO", "href": "", "enti_perv": "1.506", "enti": "1.639", "coll_perv": "1", "coll": "5", "ora": "05/03/2018 - 11:36", "scrutinio": "In Corso"},	
	{"ente": "MOLISE", "href": "", "enti_perv": "367", "enti": "394", "coll_perv": "0", "coll": "2", "ora": "05/03/2018 - 11:28", "scrutinio": "In Corso"},	
	{"ente": "CAMPANIA 1", "href": "", "enti_perv": "2.889", "enti": "2.894", "coll_perv": "11", "coll": "12", "ora": "05/03/2018 - 11:40", "scrutinio": "In Corso"},	
	{"ente": "CAMPANIA 2", "href": "", "enti_perv": "2.648", "enti": "2.932", "coll_perv": "1", "coll": "10", "ora": "05/03/2018 - 11:40", "scrutinio": "In Corso"},	
	{"ente": "PUGLIA", "href": "", "enti_perv": "3.950", "enti": "4.026", "coll_perv": "11", "coll": "16", "ora": "05/03/2018 - 11:41", "scrutinio": "In Corso"},	
	{"ente": "BASILICATA", "href": "", "enti_perv": "655", "enti": "681", "coll_perv": "0", "coll": "2", "ora": "05/03/2018 - 11:38", "scrutinio": "In Corso"},	
	{"ente": "CALABRIA", "href": "", "enti_perv": "2.231", "enti": "2.416", "coll_perv": "3", "coll": "8", "ora": "05/03/2018 - 11:42", "scrutinio": "In Corso"},	
	{"ente": "SICILIA 1", "href": "", "enti_perv": "2.314", "enti": "2.411", "coll_perv": "4", "coll": "9", "ora": "05/03/2018 - 11:29", "scrutinio": "In Corso"},	
	{"ente": "SICILIA 2", "href": "", "enti_perv": "2.530", "enti": "2.887", "coll_perv": "3", "coll": "10", "ora": "05/03/2018 - 11:32", "scrutinio": "In Corso"},	
	{"ente": "SARDEGNA", "href": "", "enti_perv": "1.813", "enti": "1.838", "coll_perv": "2", "coll": "6", "ora": "05/03/2018 - 11:42", "scrutinio": "In Corso"},	
	{"ente": "VALLE D'AOSTA", "href": "", "enti_perv": "151", "enti": "151", "coll_perv": "1", "coll": "1", "ora": "05/03/2018 - 07:36", "scrutinio": "Definitivo"},	
	{"ente": "TRENTINO-ALTO ADIGE/S&Uuml;DTIROL", "href": "", "enti_perv": "953", "enti": "1.016", "coll_perv": "3", "coll": "6", "ora": "05/03/2018 - 11:39", "scrutinio": "In Corso"}
	]				               
 }	
	