;ITALIA AGLI ITALIANI;PARTITO COMUNISTA;IL POPOLO DELLA FAMIGLIA;ITALIA EUROPA INSIEME;FORZA ITALIA;AUTODETERMINATZIONE;MOVIMENTO 5 STELLE;NOI CON L'ITALIA - UDC;+EUROPA;sezioni_tot;DESTRE UNITE - FORCONI;SMS - STATO MODERNO SOLIDALE;PARTITO DEMOCRATICO;sezioni_perv;PARTITO REPUBBLICANO ITALIANO - ALA;CASAPOUND ITALIA;FRATELLI D'ITALIA CON GIORGIA MELONI;sezioni_perv_perc;PATTO PER L'AUTONOMIA;POTERE AL POPOLO!;SVP - PATT;RINASCIMENTO MIR;GRANDE NORD;CIVICA POPOLARE LORENZIN;LISTA DEL POPOLO PER LA COSTITUZIONE;PARTITO VALORE UMANO;DEMOCRAZIA CRISTIANA;TIMESTAMP;PER UNA SINISTRA RIVOLUZIONARIA;SIAMO;LEGA;LIBERI E UGUALI
23.981;0.53;0.21;1.0;0.61;11.2;0.0;23.08;1.36;2.44;61401.0;0.03;0.0;24.45;24.0;0.17;0.78;3.55;0.0;0.03;0.57;0.0;0.0;0.07;0.78;0.07;0.17;0.0;180304_235850;0.03;0.0;26.64;2.11
24.031;0.54;0.25;0.86;0.57;10.51;0.0;23.36;1.12;2.58;61401.0;0.02;0.0;23.96;29.0;0.14;0.68;3.59;0.0;0.02;0.54;0.0;0.0;0.11;0.63;0.05;0.17;0.0;180305_000151;0.02;0.0;28.04;2.12
24.081;0.58;0.15;0.65;0.53;11.36;0.0;24.82;0.83;2.97;61401.0;0.01;0.0;23.32;41.0;0.12;0.69;3.57;0.001;0.01;0.69;0.0;0.0;0.1;0.84;0.03;0.17;0.0;180305_000451;0.05;0.0;25.74;2.67
24.131;0.73;0.15;0.7;0.74;11.05;0.0;24.27;0.78;2.83;61401.0;0.01;0.0;22.48;47.0;0.11;0.64;3.78;0.001;0.01;0.7;0.0;0.0;0.15;0.71;0.02;0.34;0.0;180305_000752;0.07;0.0;27.21;2.42
24.181;0.71;0.13;0.72;0.79;11.87;0.0;24.06;1.06;2.54;61401.0;0.0;0.0;20.67;68.0;0.15;0.71;3.93;0.001;0.02;0.8;0.0;0.0;0.12;0.62;0.01;0.3;0.0;180305_001052;0.07;0.0;28.14;2.46
24.231;0.59;0.19;0.68;0.72;12.07;0.0;24.18;1.0;2.75;61401.0;0.0;0.0;21.72;86.0;0.15;0.76;3.86;0.001;0.02;0.84;0.0;0.0;0.12;0.57;0.01;0.27;0.0;180305_001352;0.07;0.0;26.46;2.88
24.281;0.55;0.21;0.62;0.7;12.04;0.0;24.47;1.01;2.6;61401.0;0.0;0.0;21.93;95.0;0.13;0.76;3.95;0.002;0.03;0.87;0.0;0.0;0.15;0.5;0.01;0.25;0.0;180305_001653;0.11;0.0;26.14;2.85
24.331;0.53;0.21;0.58;0.65;12.16;0.0;25.73;0.85;2.72;61401.0;0.0;0.0;21.81;113.0;0.1;0.81;3.81;0.002;0.05;0.9;0.0;0.0;0.16;0.44;0.03;0.23;0.0;180305_001953;0.12;0.0;24.81;3.16
24.381;0.52;0.18;0.62;0.61;11.88;0.03;25.55;0.85;2.92;61401.0;0.01;0.0;21.6;141.0;0.14;0.83;3.61;0.002;0.05;0.91;0.0;0.0;0.18;0.41;0.03;0.25;0.0;180305_002253;0.1;0.01;25.4;3.2
24.431;0.53;0.19;0.65;0.59;11.9;0.02;25.77;0.86;2.82;61401.0;0.01;0.0;21.18;161.0;0.14;0.82;3.63;0.003;0.05;0.86;0.0;0.0;0.19;0.4;0.03;0.26;0.0;180305_002553;0.1;0.0;25.78;3.11
24.482;0.48;0.2;0.63;0.53;11.95;0.01;25.74;0.83;2.87;61401.0;0.01;0.0;21.02;206.0;0.12;0.82;3.7;0.003;0.03;0.97;0.01;0.0;0.18;0.37;0.02;0.27;0.0;180305_002854;0.09;0.0;25.91;3.13
24.532;0.49;0.23;0.72;0.5;12.06;0.01;25.38;0.91;2.9;61401.0;0.01;0.0;21.07;247.0;0.11;0.79;3.82;0.004;0.03;0.98;0.01;0.0;0.17;0.39;0.02;0.25;0.0;180305_003154;0.1;0.0;25.62;3.31
24.582;0.49;0.25;0.71;0.51;12.05;0.01;25.34;0.9;2.79;61401.0;0.01;0.0;21.07;283.0;0.1;0.8;3.86;0.005;0.04;0.95;0.01;0.0;0.17;0.39;0.02;0.24;0.0;180305_003454;0.1;0.0;25.86;3.22
24.632;0.44;0.2;0.68;0.48;13.13;0.0;30.53;0.8;2.56;61401.0;0.01;0.0;19.58;390.0;0.1;0.73;3.86;0.006;0.02;1.22;0.02;0.0;0.13;0.37;0.02;0.21;0.0;180305_003754;0.12;0.01;21.46;3.2
24.682;0.45;0.23;0.67;0.48;13.16;0.01;29.98;0.84;2.47;61401.0;0.01;0.0;19.23;475.0;0.1;0.77;3.88;0.008;0.02;1.18;0.06;0.0;0.13;0.39;0.02;0.22;0.0;180305_004055;0.11;0.01;22.41;3.05
24.732;0.45;0.22;0.7;0.5;13.15;0.0;29.9;0.94;2.7;61401.0;0.01;0.0;19.79;588.0;0.1;0.81;3.9;0.01;0.02;1.21;0.05;0.0;0.14;0.38;0.02;0.22;0.0;180305_004355;0.11;0.01;21.37;3.17
24.782;0.45;0.25;0.67;0.52;12.91;0.01;29.22;0.92;2.88;61401.0;0.02;0.0;20.42;699.0;0.1;0.8;3.96;0.011;0.02;1.23;0.11;0.0;0.13;0.39;0.02;0.2;0.0;180305_004655;0.12;0.01;21.23;3.28
24.832;0.46;0.26;0.66;0.53;13.01;0.01;29.57;0.92;2.81;61401.0;0.02;0.0;20.3;767.0;0.11;0.79;3.93;0.012;0.02;1.21;0.1;0.0;0.13;0.39;0.02;0.2;0.0;180305_004955;0.13;0.01;21.08;3.23
24.882;0.48;0.27;0.65;0.55;13.0;0.0;29.31;0.89;2.78;61401.0;0.02;0.0;20.39;879.0;0.1;0.79;3.98;0.014;0.02;1.2;0.08;0.0;0.12;0.39;0.02;0.2;0.0;180305_005256;0.12;0.01;21.31;3.19
24.931;0.48;0.27;0.65;0.55;13.27;0.01;29.73;0.89;2.69;61401.0;0.02;0.0;20.12;951.0;0.1;0.8;3.98;0.015;0.02;1.2;0.07;0.0;0.12;0.38;0.02;0.2;0.0;180305_005552;0.12;0.01;21.05;3.14
24.981;0.48;0.3;0.67;0.55;13.24;0.01;29.91;0.86;2.64;61401.0;0.01;0.0;20.82;1050.0;0.11;0.77;3.94;0.017;0.01;1.24;0.06;0.0;0.11;0.38;0.02;0.18;0.0;180305_005852;0.12;0.01;20.22;3.21
25.031;0.47;0.3;0.67;0.54;13.28;0.01;30.13;0.84;2.65;61401.0;0.01;0.0;20.69;1124.0;0.1;0.76;3.9;0.018;0.01;1.23;0.06;0.0;0.11;0.37;0.02;0.18;0.0;180305_010153;0.11;0.01;20.21;3.21
25.081;0.48;0.32;0.71;0.55;13.12;0.01;29.08;0.94;2.79;61401.0;0.02;0.0;21.15;1600.0;0.09;0.79;3.94;0.026;0.01;1.22;0.26;0.0;0.11;0.38;0.01;0.17;0.0;180305_010453;0.12;0.01;20.39;3.21
25.132;0.49;0.31;0.71;0.56;13.04;0.01;29.02;0.95;2.8;61401.0;0.02;0.0;21.02;1756.0;0.1;0.78;3.94;0.029;0.01;1.21;0.38;0.0;0.11;0.38;0.01;0.17;0.0;180305_010754;0.12;0.01;20.51;3.22
25.182;0.49;0.32;0.71;0.56;12.91;0.01;29.1;0.95;2.78;61401.0;0.02;0.0;21.18;1975.0;0.11;0.77;3.93;0.032;0.01;1.2;0.33;0.0;0.12;0.38;0.01;0.17;0.0;180305_011054;0.12;0.01;20.44;3.24
25.232;0.49;0.33;0.7;0.55;12.91;0.01;29.35;0.95;2.74;61401.0;0.02;0.0;21.17;2161.0;0.1;0.77;3.93;0.035;0.01;1.18;0.3;0.0;0.12;0.4;0.01;0.17;0.0;180305_011355;0.12;0.01;20.31;3.23
25.282;0.49;0.34;0.69;0.55;12.94;0.03;29.52;0.96;2.68;61401.0;0.02;0.0;21.08;2315.0;0.1;0.76;3.94;0.038;0.01;1.17;0.28;0.0;0.11;0.4;0.01;0.17;0.0;180305_011655;0.12;0.01;20.26;3.22
25.332;0.49;0.36;0.7;0.54;12.86;0.03;29.26;0.93;2.75;61401.0;0.02;0.0;21.4;2574.0;0.1;0.76;3.95;0.042;0.01;1.18;0.25;0.0;0.11;0.4;0.01;0.17;0.0;180305_011955;0.12;0.01;20.18;3.28
25.382;0.47;0.36;0.69;0.54;12.96;0.03;29.29;0.92;2.75;61401.0;0.02;0.0;21.35;2876.0;0.1;0.77;3.95;0.047;0.01;1.19;0.25;0.0;0.1;0.4;0.01;0.16;0.0;180305_012255;0.12;0.01;20.16;3.27
25.434;0.48;0.36;0.68;0.53;13.02;0.03;29.57;0.93;2.72;61401.0;0.02;0.0;21.13;3098.0;0.1;0.77;3.91;0.05;0.01;1.18;0.31;0.0;0.1;0.4;0.01;0.16;0.0;180305_012601;0.12;0.01;20.08;3.23
25.484;0.47;0.36;0.68;0.53;13.07;0.03;29.62;0.95;2.7;61401.0;0.02;0.0;21.16;3283.0;0.1;0.77;3.92;0.053;0.01;1.17;0.36;0.0;0.1;0.4;0.01;0.16;0.0;180305_012902;0.12;0.01;19.93;3.22
25.534;0.48;0.37;0.69;0.54;12.99;0.03;29.33;0.96;2.7;61401.0;0.02;0.0;21.32;3567.0;0.1;0.77;3.93;0.058;0.01;1.16;0.37;0.0;0.1;0.41;0.01;0.16;0.0;180305_013202;0.12;0.0;20.05;3.24
25.584;0.48;0.36;0.72;0.54;12.97;0.03;29.1;1.02;2.71;61401.0;0.02;0.0;21.21;3823.0;0.09;0.78;3.95;0.062;0.01;1.14;0.34;0.0;0.11;0.41;0.01;0.17;0.0;180305_013502;0.12;0.0;20.34;3.22
25.634;0.48;0.37;0.72;0.53;12.95;0.03;29.04;1.02;2.68;61401.0;0.02;0.0;21.34;4225.0;0.09;0.79;3.97;0.069;0.01;1.13;0.39;0.0;0.11;0.42;0.01;0.17;0.0;180305_013803;0.12;0.0;20.25;3.22
25.684;0.48;0.36;0.71;0.53;13.04;0.03;29.25;1.03;2.65;61401.0;0.02;0.0;21.11;4556.0;0.09;0.79;3.97;0.074;0.01;1.12;0.43;0.0;0.11;0.42;0.01;0.17;0.0;180305_014103;0.12;0.0;20.19;3.23
25.782;0.48;0.37;0.7;0.53;13.03;0.03;29.21;1.03;2.63;61401.0;0.02;0.0;21.14;5293.0;0.09;0.79;3.99;0.086;0.02;1.13;0.45;0.0;0.11;0.42;0.01;0.17;0.0;180305_014656;0.12;0.0;20.17;3.23
25.816;0.48;0.38;0.69;0.55;12.94;0.03;28.98;1.01;2.71;61401.0;0.02;0.0;21.36;5605.0;0.09;0.78;3.97;0.091;0.02;1.16;0.46;0.0;0.1;0.43;0.01;0.16;0.0;180305_014857;0.12;0.0;20.0;3.39
25.849;0.48;0.38;0.69;0.55;13.02;0.03;29.09;1.0;2.69;61401.0;0.02;0.0;21.22;5867.0;0.09;0.78;3.97;0.096;0.02;1.16;0.52;0.0;0.1;0.43;0.01;0.16;0.0;180305_015057;0.12;0.0;19.96;3.38
25.883;0.48;0.38;0.69;0.55;13.07;0.04;29.13;1.01;2.66;61401.0;0.02;0.0;21.13;6079.0;0.09;0.78;3.98;0.099;0.02;1.15;0.51;0.0;0.1;0.43;0.01;0.16;0.0;180305_015258;0.12;0.0;19.99;3.35
25.916;0.48;0.38;0.69;0.54;13.1;0.04;29.13;1.0;2.65;61401.0;0.02;0.0;21.09;6351.0;0.09;0.79;4.01;0.103;0.02;1.15;0.48;0.0;0.1;0.43;0.01;0.16;0.0;180305_015458;0.12;0.0;20.05;3.34
25.95;0.48;0.38;0.7;0.54;13.3;0.04;29.57;1.03;2.6;61401.0;0.02;0.0;20.91;6848.0;0.09;0.78;3.97;0.112;0.02;1.15;0.54;0.0;0.09;0.42;0.02;0.16;0.0;180305_015659;0.11;0.0;19.61;3.34
25.983;0.48;0.38;0.7;0.54;13.3;0.04;29.57;1.03;2.6;61401.0;0.02;0.0;20.91;6848.0;0.09;0.78;3.97;0.112;0.02;1.15;0.54;0.0;0.09;0.42;0.02;0.16;0.0;180305_015900;0.11;0.0;19.61;3.34
26.017;0.49;0.37;0.7;0.54;13.4;0.04;29.75;1.04;2.59;61401.0;0.02;0.0;20.82;7141.0;0.09;0.77;3.97;0.116;0.02;1.15;0.52;0.0;0.09;0.42;0.02;0.16;0.0;180305_020100;0.11;0.0;19.42;3.36
26.05;0.48;0.37;0.7;0.54;13.39;0.04;29.68;1.04;2.6;61401.0;0.02;0.0;20.87;7369.0;0.09;0.77;3.98;0.12;0.02;1.14;0.5;0.0;0.09;0.42;0.02;0.16;0.0;180305_020300;0.11;0.0;19.46;3.36
26.084;0.46;0.39;0.69;0.54;13.28;0.04;29.89;1.05;2.62;61401.0;0.02;0.0;20.93;8000.0;0.09;0.77;3.94;0.13;0.02;1.15;0.48;0.0;0.08;0.42;0.02;0.16;0.0;180305_020501;0.11;0.0;19.3;3.42
26.117;0.46;0.39;0.69;0.54;13.28;0.04;29.89;1.05;2.62;61401.0;0.02;0.0;20.93;8000.0;0.09;0.77;3.94;0.13;0.02;1.15;0.48;0.0;0.08;0.42;0.02;0.16;0.0;180305_020702;0.11;0.0;19.3;3.42
26.151;0.46;0.39;0.69;0.54;13.35;0.04;29.85;1.05;2.64;61401.0;0.03;0.0;21.0;8510.0;0.09;0.77;3.95;0.139;0.02;1.14;0.45;0.0;0.08;0.43;0.02;0.15;0.0;180305_020902;0.11;0.0;19.2;3.42
26.184;0.47;0.39;0.69;0.54;13.36;0.04;29.74;1.06;2.66;61401.0;0.03;0.0;21.01;8952.0;0.09;0.77;3.95;0.146;0.02;1.14;0.48;0.0;0.08;0.43;0.02;0.15;0.0;180305_021103;0.11;0.0;19.23;3.42
26.217;0.47;0.39;0.69;0.54;13.36;0.04;29.74;1.06;2.66;61401.0;0.03;0.0;21.01;8952.0;0.09;0.77;3.95;0.146;0.02;1.14;0.48;0.0;0.08;0.43;0.02;0.15;0.0;180305_021303;0.11;0.0;19.23;3.42
26.251;0.47;0.39;0.68;0.54;13.43;0.04;29.84;1.07;2.65;61401.0;0.03;0.0;20.91;9391.0;0.09;0.77;3.94;0.153;0.02;1.13;0.48;0.0;0.08;0.43;0.02;0.15;0.0;180305_021504;0.12;0.0;19.2;3.4
26.284;0.47;0.39;0.68;0.54;13.43;0.04;29.84;1.07;2.65;61401.0;0.03;0.0;20.91;9391.0;0.09;0.77;3.94;0.153;0.02;1.13;0.48;0.0;0.08;0.43;0.02;0.15;0.0;180305_021704;0.12;0.0;19.2;3.4
26.318;0.47;0.39;0.68;0.54;13.49;0.05;29.82;1.08;2.64;61401.0;0.02;0.0;20.89;9976.0;0.09;0.77;3.95;0.162;0.02;1.13;0.48;0.0;0.08;0.44;0.02;0.15;0.0;180305_021905;0.11;0.0;19.17;3.39
26.351;0.47;0.39;0.68;0.54;13.49;0.05;29.82;1.08;2.64;61401.0;0.02;0.0;20.89;9976.0;0.09;0.77;3.95;0.162;0.02;1.13;0.48;0.0;0.08;0.44;0.02;0.15;0.0;180305_022105;0.11;0.0;19.17;3.39
26.385;0.47;0.39;0.69;0.54;13.48;0.05;29.67;1.07;2.67;61401.0;0.02;0.0;21.01;10592.0;0.09;0.77;3.96;0.173;0.02;1.13;0.47;0.0;0.07;0.44;0.02;0.15;0.0;180305_022306;0.11;0.0;19.18;3.39
26.42;0.47;0.39;0.69;0.54;13.48;0.05;29.67;1.07;2.67;61401.0;0.02;0.0;21.01;10592.0;0.09;0.77;3.96;0.173;0.02;1.13;0.47;0.0;0.07;0.44;0.02;0.15;0.0;180305_022512;0.11;0.0;19.18;3.39
26.454;0.47;0.39;0.69;0.54;13.48;0.05;29.67;1.07;2.67;61401.0;0.02;0.0;21.01;10592.0;0.09;0.77;3.96;0.173;0.02;1.13;0.47;0.0;0.07;0.44;0.02;0.15;0.0;180305_022713;0.11;0.0;19.18;3.39
26.487;0.47;0.38;0.69;0.55;13.53;0.05;29.78;1.09;2.68;61401.0;0.02;0.0;20.97;11308.0;0.09;0.77;3.96;0.184;0.02;1.13;0.46;0.0;0.07;0.44;0.02;0.14;0.0;180305_022913;0.11;0.0;19.05;3.41
26.52;0.47;0.38;0.69;0.55;13.53;0.05;29.78;1.09;2.68;61401.0;0.02;0.0;20.97;11308.0;0.09;0.77;3.96;0.184;0.02;1.13;0.46;0.0;0.07;0.44;0.02;0.14;0.0;180305_023113;0.11;0.0;19.05;3.41
26.554;0.47;0.39;0.68;0.55;13.56;0.05;29.93;1.11;2.64;61401.0;0.02;0.0;20.94;12130.0;0.09;0.77;3.93;0.198;0.02;1.14;0.45;0.0;0.07;0.44;0.02;0.14;0.0;180305_023314;0.11;0.0;18.94;3.4
26.587;0.47;0.39;0.68;0.55;13.56;0.05;29.93;1.11;2.64;61401.0;0.02;0.0;20.94;12130.0;0.09;0.77;3.93;0.198;0.02;1.14;0.45;0.0;0.07;0.44;0.02;0.14;0.0;180305_023514;0.11;0.0;18.94;3.4
26.621;0.47;0.39;0.68;0.55;13.56;0.05;29.93;1.11;2.64;61401.0;0.02;0.0;20.94;12130.0;0.09;0.77;3.93;0.198;0.02;1.14;0.45;0.0;0.07;0.44;0.02;0.14;0.0;180305_023715;0.11;0.0;18.94;3.4
26.654;0.47;0.39;0.68;0.55;13.56;0.05;30.05;1.1;2.61;61401.0;0.02;0.0;20.96;12951.0;0.09;0.77;3.92;0.211;0.02;1.13;0.43;0.0;0.07;0.45;0.02;0.14;0.0;180305_023916;0.11;0.0;18.88;3.39
26.688;0.47;0.39;0.68;0.55;13.56;0.05;30.05;1.1;2.61;61401.0;0.02;0.0;20.96;12951.0;0.09;0.77;3.92;0.211;0.02;1.13;0.43;0.0;0.07;0.45;0.02;0.14;0.0;180305_024116;0.11;0.0;18.88;3.39
26.721;0.47;0.39;0.68;0.55;13.56;0.05;30.05;1.1;2.61;61401.0;0.02;0.0;20.96;12951.0;0.09;0.77;3.92;0.211;0.02;1.13;0.43;0.0;0.07;0.45;0.02;0.14;0.0;180305_024317;0.11;0.0;18.88;3.39
26.755;0.47;0.39;0.68;0.55;13.56;0.05;30.05;1.1;2.61;61401.0;0.02;0.0;20.96;12951.0;0.09;0.77;3.92;0.211;0.02;1.13;0.43;0.0;0.07;0.45;0.02;0.14;0.0;180305_024517;0.11;0.0;18.88;3.39
26.788;0.47;0.39;0.68;0.55;13.56;0.05;30.05;1.1;2.61;61401.0;0.02;0.0;20.96;12951.0;0.09;0.77;3.92;0.211;0.02;1.13;0.43;0.0;0.07;0.45;0.02;0.14;0.0;180305_024718;0.11;0.0;18.88;3.39
26.822;0.47;0.39;0.68;0.55;13.56;0.05;30.05;1.1;2.61;61401.0;0.02;0.0;20.96;12951.0;0.09;0.77;3.92;0.211;0.02;1.13;0.43;0.0;0.07;0.45;0.02;0.14;0.0;180305_024919;0.11;0.0;18.88;3.39
26.855;0.47;0.39;0.68;0.55;13.56;0.05;30.05;1.1;2.61;61401.0;0.02;0.0;20.96;12951.0;0.09;0.77;3.92;0.211;0.02;1.13;0.43;0.0;0.07;0.45;0.02;0.14;0.0;180305_025119;0.11;0.0;18.88;3.39
26.889;0.47;0.39;0.68;0.55;13.56;0.05;30.05;1.1;2.61;61401.0;0.02;0.0;20.96;12951.0;0.09;0.77;3.92;0.211;0.02;1.13;0.43;0.0;0.07;0.45;0.02;0.14;0.0;180305_025320;0.11;0.0;18.88;3.39
26.922;0.47;0.39;0.69;0.54;13.59;0.05;30.28;1.12;2.56;61401.0;0.02;0.0;20.86;14087.0;0.09;0.77;3.92;0.229;0.02;1.12;0.41;0.0;0.07;0.45;0.02;0.14;0.0;180305_025520;0.11;0.0;18.81;3.37
26.956;0.47;0.39;0.69;0.54;13.59;0.05;30.28;1.12;2.56;61401.0;0.02;0.0;20.86;14087.0;0.09;0.77;3.92;0.229;0.02;1.12;0.41;0.0;0.07;0.45;0.02;0.14;0.0;180305_025720;0.11;0.0;18.81;3.37
26.989;0.47;0.39;0.69;0.54;13.59;0.05;30.28;1.12;2.56;61401.0;0.02;0.0;20.86;14087.0;0.09;0.77;3.92;0.229;0.02;1.12;0.41;0.0;0.07;0.45;0.02;0.14;0.0;180305_025921;0.11;0.0;18.81;3.37
27.023;0.47;0.39;0.69;0.54;13.59;0.05;30.28;1.12;2.56;61401.0;0.02;0.0;20.86;14087.0;0.09;0.77;3.92;0.229;0.02;1.12;0.41;0.0;0.07;0.45;0.02;0.14;0.0;180305_030122;0.11;0.0;18.81;3.37
27.056;0.47;0.39;0.69;0.54;13.59;0.05;30.28;1.12;2.56;61401.0;0.02;0.0;20.86;14087.0;0.09;0.77;3.92;0.229;0.02;1.12;0.41;0.0;0.07;0.45;0.02;0.14;0.0;180305_030322;0.11;0.0;18.81;3.37
27.09;0.47;0.39;0.69;0.54;13.59;0.05;30.28;1.12;2.56;61401.0;0.02;0.0;20.86;14087.0;0.09;0.77;3.92;0.229;0.02;1.12;0.41;0.0;0.07;0.45;0.02;0.14;0.0;180305_030523;0.11;0.0;18.81;3.37
27.123;0.47;0.39;0.69;0.54;13.59;0.05;30.28;1.12;2.56;61401.0;0.02;0.0;20.86;14087.0;0.09;0.77;3.92;0.229;0.02;1.12;0.41;0.0;0.07;0.45;0.02;0.14;0.0;180305_030723;0.11;0.0;18.81;3.37
27.157;0.48;0.38;0.7;0.54;13.8;0.06;30.47;1.15;2.57;61401.0;0.02;0.0;20.71;17321.0;0.09;0.76;3.92;0.282;0.02;1.1;0.38;0.0;0.07;0.45;0.02;0.14;0.0;180305_030924;0.11;0.0;18.57;3.38
27.19;0.48;0.38;0.7;0.54;13.8;0.06;30.47;1.15;2.57;61401.0;0.02;0.0;20.71;17321.0;0.09;0.76;3.92;0.282;0.02;1.1;0.38;0.0;0.07;0.45;0.02;0.14;0.0;180305_031124;0.11;0.0;18.57;3.38
27.224;0.48;0.38;0.69;0.54;13.87;0.07;30.52;1.17;2.51;61401.0;0.02;0.0;20.52;18928.0;0.09;0.77;3.93;0.308;0.02;1.08;0.37;0.0;0.07;0.45;0.02;0.14;0.0;180305_031325;0.11;0.0;18.71;3.33
27.257;0.48;0.38;0.69;0.54;13.89;0.07;30.61;1.17;2.5;61401.0;0.02;0.0;20.53;19813.0;0.09;0.77;3.92;0.323;0.02;1.09;0.37;0.0;0.07;0.45;0.02;0.14;0.0;180305_031525;0.11;0.0;18.63;3.33
27.291;0.48;0.38;0.69;0.54;13.9;0.07;30.6;1.17;2.5;61401.0;0.02;0.0;20.51;19995.0;0.09;0.77;3.93;0.326;0.02;1.08;0.37;0.0;0.07;0.45;0.02;0.14;0.0;180305_031726;0.11;0.0;18.65;3.32
27.324;0.48;0.38;0.69;0.54;13.91;0.07;30.58;1.16;2.5;61401.0;0.02;0.0;20.52;20283.0;0.09;0.77;3.93;0.33;0.02;1.08;0.36;0.0;0.07;0.45;0.02;0.14;0.0;180305_031926;0.11;0.0;18.66;3.32
27.358;0.48;0.38;0.69;0.54;13.92;0.07;30.55;1.16;2.5;61401.0;0.02;0.0;20.54;20613.0;0.09;0.77;3.93;0.336;0.02;1.09;0.36;0.0;0.07;0.45;0.02;0.14;0.0;180305_032127;0.11;0.0;18.68;3.31
27.391;0.48;0.38;0.69;0.54;13.97;0.07;30.63;1.16;2.48;61401.0;0.02;0.0;20.46;21124.0;0.09;0.78;3.94;0.344;0.02;1.08;0.35;0.0;0.07;0.45;0.02;0.14;0.0;180305_032327;0.11;0.0;18.65;3.3
27.424;0.48;0.38;0.69;0.54;13.99;0.07;30.64;1.16;2.48;61401.0;0.02;0.0;20.44;21352.0;0.09;0.77;3.94;0.348;0.02;1.08;0.36;0.0;0.07;0.45;0.02;0.14;0.0;180305_032528;0.11;0.0;18.65;3.3
27.458;0.48;0.38;0.69;0.54;13.99;0.07;30.61;1.16;2.48;61401.0;0.02;0.0;20.44;21592.0;0.09;0.77;3.95;0.352;0.02;1.08;0.36;0.0;0.07;0.45;0.02;0.14;0.0;180305_032728;0.11;0.0;18.66;3.3
27.491;0.48;0.37;0.69;0.54;13.99;0.07;30.58;1.16;2.48;61401.0;0.02;0.0;20.44;22017.0;0.09;0.78;3.95;0.359;0.02;1.08;0.35;0.0;0.07;0.45;0.02;0.14;0.0;180305_032929;0.11;0.0;18.71;3.3
27.525;0.48;0.37;0.69;0.54;13.98;0.07;30.59;1.16;2.48;61401.0;0.02;0.0;20.43;22275.0;0.09;0.78;3.95;0.363;0.02;1.07;0.35;0.0;0.07;0.45;0.02;0.14;0.0;180305_033129;0.11;0.0;18.72;3.29
27.558;0.48;0.37;0.69;0.54;14.0;0.07;30.6;1.16;2.48;61401.0;0.02;0.0;20.42;22762.0;0.09;0.78;3.95;0.371;0.02;1.07;0.35;0.0;0.07;0.45;0.02;0.14;0.0;180305_033330;0.11;0.0;18.72;3.28
27.592;0.48;0.37;0.68;0.54;13.98;0.07;30.59;1.16;2.48;61401.0;0.02;0.0;20.44;23001.0;0.09;0.78;3.96;0.375;0.02;1.07;0.36;0.0;0.07;0.45;0.02;0.14;0.0;180305_033530;0.11;0.0;18.71;3.29
27.625;0.48;0.37;0.68;0.53;13.99;0.07;30.58;1.17;2.47;61401.0;0.02;0.0;20.42;23174.0;0.09;0.78;3.95;0.377;0.02;1.07;0.36;0.0;0.07;0.45;0.02;0.14;0.0;180305_033731;0.11;0.0;18.74;3.29
27.659;0.48;0.37;0.69;0.54;14.0;0.07;30.56;1.16;2.47;61401.0;0.02;0.0;20.41;23507.0;0.09;0.78;3.95;0.383;0.02;1.07;0.35;0.0;0.07;0.46;0.02;0.14;0.0;180305_033931;0.11;0.0;18.76;3.29
27.692;0.48;0.37;0.68;0.54;14.04;0.07;30.59;1.17;2.47;61401.0;0.02;0.0;20.38;23866.0;0.09;0.78;3.95;0.389;0.02;1.07;0.35;0.0;0.07;0.45;0.02;0.14;0.0;180305_034132;0.11;0.0;18.74;3.28
27.726;0.48;0.37;0.68;0.53;14.06;0.07;30.64;1.17;2.47;61401.0;0.02;0.0;20.33;24140.0;0.09;0.78;3.95;0.393;0.02;1.07;0.36;0.0;0.07;0.45;0.02;0.14;0.0;180305_034332;0.11;0.0;18.71;3.28
27.759;0.48;0.37;0.68;0.53;14.07;0.07;30.67;1.17;2.46;61401.0;0.02;0.0;20.3;24362.0;0.09;0.78;3.95;0.397;0.02;1.07;0.36;0.0;0.07;0.45;0.02;0.14;0.0;180305_034533;0.1;0.0;18.71;3.28
27.793;0.48;0.37;0.68;0.53;14.07;0.07;30.67;1.17;2.46;61401.0;0.02;0.0;20.29;24545.0;0.09;0.78;3.95;0.4;0.02;1.07;0.36;0.0;0.07;0.45;0.02;0.14;0.0;180305_034733;0.1;0.0;18.73;3.28
27.826;0.48;0.37;0.68;0.53;14.07;0.07;30.71;1.18;2.45;61401.0;0.02;0.0;20.27;24779.0;0.09;0.78;3.95;0.404;0.02;1.07;0.37;0.0;0.07;0.45;0.02;0.14;0.0;180305_034934;0.1;0.0;18.71;3.27
27.86;0.48;0.37;0.68;0.53;14.07;0.07;30.75;1.18;2.44;61401.0;0.02;0.0;20.25;25129.0;0.09;0.77;3.95;0.409;0.02;1.06;0.38;0.0;0.07;0.45;0.02;0.14;0.0;180305_035135;0.1;0.0;18.68;3.27
27.893;0.48;0.37;0.68;0.53;14.07;0.07;30.76;1.18;2.44;61401.0;0.02;0.0;20.24;25272.0;0.09;0.77;3.95;0.412;0.02;1.06;0.38;0.0;0.07;0.45;0.02;0.14;0.0;180305_035335;0.1;0.0;18.69;3.27
27.927;0.48;0.37;0.68;0.53;14.08;0.07;30.8;1.19;2.44;61401.0;0.02;0.0;20.23;25626.0;0.09;0.77;3.95;0.417;0.02;1.06;0.39;0.0;0.07;0.45;0.02;0.14;0.0;180305_035536;0.1;0.0;18.66;3.27
27.96;0.48;0.37;0.68;0.53;14.1;0.07;30.82;1.19;2.43;61401.0;0.02;0.0;20.21;26031.0;0.09;0.77;3.95;0.424;0.02;1.06;0.39;0.0;0.07;0.46;0.02;0.14;0.0;180305_035736;0.1;0.0;18.65;3.26
27.994;0.48;0.36;0.68;0.53;14.12;0.07;30.87;1.19;2.43;61401.0;0.02;0.0;20.16;26348.0;0.09;0.77;3.95;0.429;0.02;1.05;0.39;0.0;0.07;0.45;0.02;0.14;0.0;180305_035937;0.1;0.0;18.64;3.26
28.027;0.48;0.36;0.68;0.53;14.12;0.07;30.74;1.18;2.51;61401.0;0.02;0.0;20.23;27147.0;0.09;0.78;4.03;0.442;0.02;1.06;0.39;0.0;0.06;0.46;0.02;0.14;0.0;180305_040137;0.1;0.0;18.51;3.28
28.061;0.48;0.36;0.68;0.53;14.12;0.07;30.74;1.18;2.51;61401.0;0.02;0.0;20.23;27361.0;0.09;0.78;4.03;0.446;0.02;1.06;0.4;0.0;0.06;0.46;0.02;0.14;0.0;180305_040338;0.1;0.0;18.51;3.28
28.094;0.48;0.36;0.68;0.53;14.11;0.07;30.73;1.18;2.5;61401.0;0.02;0.0;20.23;27552.0;0.09;0.78;4.03;0.449;0.02;1.06;0.4;0.0;0.06;0.46;0.02;0.14;0.0;180305_040538;0.1;0.0;18.52;3.28
28.128;0.48;0.36;0.68;0.53;14.09;0.07;30.71;1.18;2.5;61401.0;0.02;0.0;20.24;27874.0;0.09;0.78;4.03;0.454;0.02;1.06;0.4;0.0;0.06;0.46;0.02;0.14;0.0;180305_040739;0.1;0.0;18.56;3.28
28.161;0.48;0.36;0.68;0.53;14.08;0.07;30.69;1.18;2.5;61401.0;0.02;0.0;20.24;28116.0;0.09;0.78;4.03;0.458;0.02;1.06;0.41;0.0;0.06;0.46;0.02;0.14;0.0;180305_040939;0.1;0.0;18.59;3.27
28.194;0.48;0.36;0.68;0.53;14.06;0.07;30.76;1.17;2.5;61401.0;0.02;0.0;20.2;28614.0;0.09;0.79;4.07;0.466;0.02;1.06;0.42;0.0;0.06;0.46;0.02;0.13;0.0;180305_041140;0.1;0.0;18.54;3.27
28.228;0.48;0.36;0.68;0.53;14.07;0.07;30.76;1.17;2.49;61401.0;0.02;0.0;20.19;28821.0;0.09;0.79;4.07;0.469;0.02;1.06;0.42;0.0;0.06;0.46;0.02;0.13;0.0;180305_041340;0.1;0.0;18.54;3.27
28.261;0.48;0.36;0.68;0.54;14.08;0.07;30.76;1.17;2.49;61401.0;0.02;0.0;20.19;29116.0;0.09;0.79;4.07;0.474;0.02;1.06;0.42;0.0;0.06;0.46;0.02;0.13;0.0;180305_041541;0.1;0.0;18.54;3.27
28.295;0.48;0.37;0.67;0.53;14.07;0.07;30.84;1.16;2.5;61401.0;0.02;0.0;20.18;29867.0;0.08;0.8;4.14;0.486;0.02;1.07;0.42;0.0;0.06;0.46;0.02;0.13;0.0;180305_041742;0.1;0.0;18.39;3.28
28.329;0.48;0.36;0.67;0.53;14.09;0.07;30.9;1.16;2.49;61401.0;0.02;0.0;20.14;30302.0;0.09;0.79;4.14;0.494;0.02;1.07;0.42;0.0;0.06;0.46;0.02;0.13;0.0;180305_041943;0.1;0.0;18.35;3.28
28.362;0.48;0.36;0.67;0.54;14.09;0.07;30.88;1.17;2.5;61401.0;0.02;0.0;20.15;30639.0;0.09;0.79;4.13;0.499;0.02;1.07;0.42;0.0;0.06;0.46;0.02;0.13;0.0;180305_042144;0.1;0.0;18.35;3.28
28.396;0.47;0.37;0.67;0.54;14.06;0.07;30.86;1.16;2.53;61401.0;0.02;0.0;20.17;31316.0;0.09;0.8;4.2;0.51;0.02;1.08;0.41;0.0;0.06;0.47;0.03;0.13;0.01;180305_042344;0.1;0.0;18.25;3.31
28.429;0.47;0.37;0.67;0.54;14.06;0.07;30.85;1.16;2.53;61401.0;0.02;0.0;20.16;31524.0;0.08;0.8;4.2;0.513;0.02;1.08;0.42;0.0;0.06;0.47;0.03;0.13;0.01;180305_042545;0.1;0.0;18.28;3.3
28.463;0.47;0.37;0.67;0.54;14.06;0.07;30.85;1.16;2.52;61401.0;0.02;0.0;20.15;31781.0;0.08;0.8;4.2;0.518;0.02;1.08;0.45;0.0;0.06;0.47;0.03;0.13;0.01;180305_042746;0.1;0.0;18.27;3.3
28.496;0.47;0.37;0.67;0.53;14.02;0.07;30.9;1.16;2.53;61401.0;0.02;0.0;20.13;32410.0;0.09;0.81;4.24;0.528;0.02;1.09;0.44;0.0;0.06;0.47;0.03;0.13;0.01;180305_042946;0.1;0.0;18.22;3.31
28.53;0.47;0.37;0.67;0.53;14.03;0.07;30.87;1.16;2.54;61401.0;0.02;0.0;20.13;32671.0;0.09;0.81;4.24;0.532;0.02;1.09;0.43;0.0;0.06;0.47;0.03;0.13;0.01;180305_043147;0.1;0.0;18.24;3.31
28.563;0.47;0.37;0.67;0.54;14.03;0.07;30.88;1.16;2.53;61401.0;0.02;0.0;20.12;33008.0;0.08;0.81;4.24;0.538;0.02;1.09;0.44;0.0;0.06;0.47;0.03;0.13;0.01;180305_043347;0.1;0.0;18.25;3.31
28.597;0.47;0.37;0.67;0.53;14.05;0.07;30.89;1.16;2.53;61401.0;0.02;0.0;20.11;33246.0;0.08;0.81;4.23;0.541;0.02;1.09;0.44;0.0;0.06;0.47;0.03;0.13;0.01;180305_043548;0.1;0.0;18.24;3.31
28.63;0.47;0.37;0.67;0.54;14.05;0.07;30.87;1.16;2.53;61401.0;0.02;0.0;20.11;33576.0;0.09;0.81;4.23;0.547;0.02;1.09;0.44;0.0;0.06;0.47;0.03;0.13;0.01;180305_043748;0.1;0.0;18.25;3.31
28.664;0.47;0.37;0.67;0.54;14.05;0.07;30.85;1.16;2.53;61401.0;0.02;0.0;20.1;33811.0;0.09;0.81;4.23;0.551;0.02;1.09;0.43;0.0;0.06;0.47;0.03;0.13;0.01;180305_043949;0.1;0.0;18.27;3.3
28.697;0.48;0.36;0.68;0.54;14.06;0.07;30.86;1.16;2.53;61401.0;0.02;0.0;20.09;34056.0;0.08;0.81;4.23;0.555;0.02;1.08;0.43;0.0;0.06;0.47;0.03;0.13;0.01;180305_044149;0.1;0.0;18.29;3.3
28.731;0.48;0.37;0.68;0.54;14.05;0.06;30.84;1.16;2.52;61401.0;0.02;0.0;20.09;34400.0;0.09;0.81;4.22;0.56;0.02;1.08;0.43;0.0;0.06;0.46;0.03;0.13;0.01;180305_044350;0.1;0.0;18.32;3.3
28.811;0.48;0.36;0.68;0.53;14.07;0.06;30.85;1.16;2.51;61401.0;0.02;0.0;20.05;34970.0;0.08;0.81;4.22;0.57;0.02;1.08;0.43;0.0;0.06;0.46;0.03;0.13;0.01;180305_044841;0.1;0.0;18.36;3.29
28.878;0.48;0.36;0.67;0.53;14.09;0.06;30.93;1.17;2.51;61401.0;0.02;0.0;20.0;35600.0;0.08;0.81;4.22;0.58;0.01;1.08;0.43;0.0;0.06;0.47;0.03;0.13;0.01;180305_045241;0.1;0.0;18.32;3.28
28.945;0.48;0.36;0.67;0.53;14.09;0.06;30.96;1.17;2.5;61401.0;0.02;0.0;20.0;36030.0;0.08;0.8;4.22;0.587;0.01;1.08;0.43;0.0;0.06;0.47;0.03;0.13;0.01;180305_045642;0.1;0.0;18.31;3.28
29.012;0.48;0.36;0.67;0.53;14.1;0.06;30.95;1.17;2.49;61401.0;0.02;0.0;19.97;36573.0;0.08;0.81;4.22;0.596;0.02;1.08;0.42;0.0;0.06;0.47;0.03;0.13;0.01;180305_050042;0.1;0.0;18.36;3.28
29.079;0.48;0.36;0.67;0.53;14.11;0.06;30.98;1.17;2.49;61401.0;0.02;0.0;19.94;37043.0;0.08;0.81;4.22;0.603;0.02;1.07;0.43;0.0;0.06;0.47;0.03;0.13;0.01;180305_050443;0.1;0.0;18.36;3.27
29.146;0.48;0.36;0.68;0.53;14.14;0.06;31.01;1.18;2.48;61401.0;0.02;0.0;19.92;37450.0;0.08;0.81;4.21;0.61;0.01;1.07;0.42;0.0;0.06;0.47;0.03;0.13;0.01;180305_050844;0.1;0.0;18.34;3.26
29.212;0.48;0.36;0.68;0.54;14.15;0.06;30.97;1.18;2.49;61401.0;0.02;0.0;19.93;37944.0;0.08;0.81;4.23;0.618;0.01;1.07;0.42;0.0;0.06;0.47;0.03;0.13;0.01;180305_051244;0.1;0.0;18.33;3.27
29.279;0.48;0.35;0.68;0.54;14.19;0.06;31.01;1.18;2.49;61401.0;0.02;0.0;19.87;38521.0;0.08;0.81;4.22;0.627;0.01;1.07;0.42;0.0;0.06;0.47;0.03;0.13;0.01;180305_051645;0.1;0.0;18.33;3.26
29.346;0.48;0.35;0.67;0.54;14.2;0.06;31.01;1.18;2.49;61401.0;0.02;0.0;19.86;38749.0;0.08;0.8;4.22;0.631;0.01;1.07;0.42;0.0;0.06;0.47;0.03;0.13;0.01;180305_052045;0.1;0.0;18.34;3.25
29.413;0.48;0.35;0.68;0.54;14.2;0.06;31.01;1.18;2.48;61401.0;0.02;0.0;19.85;39109.0;0.08;0.8;4.21;0.637;0.01;1.07;0.42;0.0;0.06;0.47;0.03;0.13;0.01;180305_052446;0.1;0.0;18.37;3.25
29.48;0.48;0.35;0.67;0.53;14.21;0.06;31.02;1.18;2.48;61401.0;0.02;0.0;19.85;39770.0;0.08;0.81;4.22;0.648;0.02;1.06;0.42;0.0;0.06;0.47;0.03;0.13;0.01;180305_052847;0.1;0.0;18.36;3.25
29.546;0.48;0.35;0.68;0.53;14.2;0.06;30.96;1.17;2.47;61401.0;0.02;0.0;19.85;40298.0;0.08;0.81;4.23;0.656;0.01;1.06;0.44;0.0;0.06;0.47;0.03;0.13;0.01;180305_053247;0.1;0.0;18.4;3.24
29.613;0.48;0.35;0.67;0.53;14.21;0.06;30.99;1.17;2.47;61401.0;0.02;0.0;19.82;40875.0;0.08;0.81;4.22;0.666;0.02;1.06;0.45;0.0;0.06;0.48;0.03;0.13;0.01;180305_053648;0.1;0.0;18.41;3.24
29.68;0.48;0.35;0.68;0.54;14.19;0.06;30.98;1.17;2.47;61401.0;0.02;0.0;19.79;41237.0;0.08;0.82;4.23;0.672;0.01;1.06;0.49;0.0;0.06;0.48;0.03;0.13;0.01;180305_054049;0.1;0.0;18.39;3.25
29.747;0.48;0.35;0.68;0.54;14.18;0.06;30.99;1.17;2.47;61401.0;0.02;0.0;19.78;41814.0;0.08;0.82;4.24;0.681;0.01;1.06;0.5;0.0;0.06;0.48;0.03;0.13;0.01;180305_054449;0.1;0.0;18.38;3.25
29.814;0.48;0.35;0.68;0.54;14.15;0.06;30.99;1.17;2.47;61401.0;0.02;0.0;19.79;42433.0;0.08;0.82;4.24;0.691;0.01;1.06;0.49;0.0;0.06;0.48;0.03;0.13;0.01;180305_054849;0.1;0.0;18.4;3.25
29.882;0.48;0.35;0.68;0.54;14.15;0.06;30.98;1.17;2.47;61401.0;0.02;0.0;19.79;42680.0;0.08;0.82;4.24;0.695;0.01;1.06;0.5;0.0;0.06;0.48;0.03;0.13;0.01;180305_055256;0.1;0.0;18.42;3.25
29.965;0.48;0.35;0.68;0.54;14.16;0.06;30.96;1.17;2.46;61401.0;0.02;0.0;19.78;43031.0;0.08;0.82;4.25;0.701;0.01;1.06;0.49;0.0;0.06;0.48;0.03;0.13;0.01;180305_055754;0.1;0.0;18.44;3.25
30.048;0.48;0.35;0.68;0.54;14.17;0.06;30.98;1.17;2.46;61401.0;0.02;0.0;19.78;43496.0;0.08;0.82;4.24;0.708;0.01;1.06;0.49;0.0;0.06;0.48;0.03;0.13;0.01;180305_060254;0.1;0.0;18.43;3.25
30.132;0.48;0.35;0.68;0.54;14.18;0.07;30.98;1.17;2.45;61401.0;0.02;0.0;19.77;43905.0;0.08;0.82;4.24;0.715;0.01;1.06;0.48;0.0;0.06;0.48;0.03;0.13;0.01;180305_060755;0.1;0.0;18.43;3.25
30.215;0.48;0.35;0.68;0.54;14.18;0.07;30.94;1.17;2.47;61401.0;0.02;0.0;19.78;44374.0;0.08;0.82;4.25;0.723;0.01;1.06;0.48;0.0;0.06;0.48;0.03;0.13;0.01;180305_061255;0.1;0.0;18.44;3.25
30.299;0.48;0.34;0.68;0.54;14.18;0.06;30.94;1.17;2.47;61401.0;0.02;0.0;19.76;44745.0;0.08;0.82;4.24;0.729;0.01;1.06;0.48;0.0;0.06;0.48;0.03;0.13;0.01;180305_061756;0.1;0.0;18.47;3.25
30.382;0.48;0.34;0.68;0.54;14.17;0.06;30.9;1.17;2.47;61401.0;0.02;0.0;19.78;45198.0;0.08;0.82;4.24;0.736;0.01;1.06;0.49;0.0;0.06;0.49;0.03;0.13;0.01;180305_062256;0.1;0.0;18.49;3.25
30.466;0.48;0.34;0.68;0.54;14.17;0.06;30.93;1.17;2.47;61401.0;0.02;0.0;19.78;45408.0;0.08;0.82;4.24;0.74;0.01;1.06;0.49;0.0;0.06;0.49;0.03;0.13;0.01;180305_062757;0.1;0.0;18.48;3.25
30.549;0.48;0.34;0.68;0.54;14.17;0.06;30.93;1.17;2.47;61401.0;0.02;0.0;19.77;45483.0;0.08;0.82;4.24;0.741;0.01;1.06;0.49;0.0;0.06;0.49;0.03;0.13;0.01;180305_063258;0.1;0.0;18.48;3.25
30.633;0.48;0.34;0.68;0.54;14.17;0.06;30.93;1.17;2.46;61401.0;0.02;0.0;19.76;45594.0;0.08;0.82;4.24;0.743;0.01;1.06;0.49;0.0;0.06;0.49;0.03;0.13;0.01;180305_063758;0.1;0.0;18.5;3.24
30.716;0.48;0.34;0.68;0.54;14.18;0.06;30.97;1.17;2.46;61401.0;0.02;0.0;19.74;45851.0;0.08;0.82;4.23;0.747;0.01;1.05;0.49;0.0;0.06;0.49;0.03;0.13;0.01;180305_064259;0.1;0.0;18.48;3.24
30.8;0.48;0.34;0.68;0.54;14.18;0.06;30.96;1.17;2.46;61401.0;0.02;0.0;19.73;46233.0;0.08;0.82;4.24;0.753;0.01;1.05;0.49;0.0;0.06;0.49;0.03;0.13;0.01;180305_064759;0.1;0.0;18.49;3.24
30.883;0.48;0.34;0.68;0.54;14.18;0.06;30.98;1.17;2.45;61401.0;0.02;0.0;19.72;46459.0;0.08;0.82;4.24;0.757;0.01;1.05;0.49;0.0;0.06;0.49;0.03;0.13;0.01;180305_065300;0.1;0.0;18.48;3.24
30.967;0.48;0.34;0.68;0.54;14.19;0.06;30.98;1.18;2.45;61401.0;0.02;0.0;19.72;46576.0;0.08;0.82;4.24;0.759;0.01;1.05;0.49;0.0;0.06;0.49;0.03;0.13;0.01;180305_065800;0.1;0.0;18.49;3.23
31.05;0.48;0.34;0.68;0.54;14.19;0.06;30.98;1.18;2.45;61401.0;0.02;0.0;19.72;46576.0;0.08;0.82;4.24;0.759;0.01;1.05;0.49;0.0;0.06;0.49;0.03;0.13;0.01;180305_070301;0.1;0.0;18.49;3.23
31.134;0.48;0.34;0.68;0.54;14.2;0.07;30.99;1.17;2.46;61401.0;0.02;0.0;19.71;47079.0;0.08;0.82;4.24;0.767;0.01;1.05;0.5;0.0;0.06;0.49;0.03;0.13;0.01;180305_070801;0.1;0.0;18.45;3.24
31.217;0.48;0.34;0.68;0.54;14.2;0.06;30.96;1.18;2.46;61401.0;0.02;0.0;19.73;47404.0;0.08;0.82;4.25;0.772;0.01;1.05;0.49;0.0;0.06;0.49;0.03;0.13;0.01;180305_071302;0.1;0.0;18.45;3.24
31.301;0.48;0.34;0.68;0.54;14.23;0.06;31.04;1.18;2.46;61401.0;0.02;0.0;19.67;48267.0;0.08;0.82;4.26;0.786;0.01;1.05;0.48;0.0;0.06;0.49;0.03;0.13;0.01;180305_071802;0.1;0.0;18.41;3.23
31.384;0.48;0.34;0.68;0.54;14.23;0.06;31.04;1.18;2.46;61401.0;0.02;0.0;19.66;48567.0;0.08;0.82;4.26;0.791;0.01;1.05;0.48;0.0;0.06;0.49;0.03;0.13;0.01;180305_072303;0.1;0.0;18.42;3.23
31.467;0.48;0.34;0.68;0.54;14.24;0.06;31.08;1.18;2.45;61401.0;0.02;0.0;19.64;48857.0;0.08;0.83;4.26;0.796;0.01;1.05;0.48;0.0;0.06;0.49;0.03;0.13;0.01;180305_072803;0.1;0.0;18.4;3.23
31.551;0.48;0.34;0.68;0.53;14.25;0.06;31.09;1.18;2.45;61401.0;0.02;0.0;19.62;49086.0;0.08;0.83;4.27;0.799;0.01;1.05;0.48;0.0;0.06;0.49;0.03;0.13;0.01;180305_073304;0.1;0.0;18.41;3.23
31.634;0.48;0.34;0.68;0.53;14.28;0.06;31.15;1.19;2.43;61401.0;0.02;0.0;19.57;49802.0;0.08;0.83;4.27;0.811;0.01;1.05;0.47;0.0;0.06;0.49;0.03;0.13;0.01;180305_073804;0.1;0.0;18.39;3.22
31.718;0.48;0.34;0.68;0.53;14.28;0.06;31.18;1.19;2.43;61401.0;0.02;0.0;19.57;50028.0;0.08;0.83;4.26;0.815;0.01;1.05;0.47;0.0;0.06;0.49;0.03;0.13;0.01;180305_074305;0.1;0.0;18.37;3.22
31.801;0.48;0.34;0.68;0.53;14.28;0.06;31.19;1.19;2.43;61401.0;0.02;0.0;19.57;50053.0;0.08;0.83;4.26;0.815;0.01;1.05;0.47;0.0;0.06;0.49;0.03;0.13;0.01;180305_074805;0.1;0.0;18.36;3.22
31.885;0.48;0.34;0.68;0.54;14.3;0.06;31.24;1.19;2.42;61401.0;0.02;0.0;19.54;50467.0;0.08;0.83;4.26;0.822;0.01;1.04;0.47;0.0;0.06;0.49;0.03;0.13;0.01;180305_075306;0.1;0.0;18.34;3.21
31.969;0.48;0.34;0.68;0.53;14.31;0.06;31.27;1.19;2.42;61401.0;0.02;0.0;19.52;50706.0;0.08;0.83;4.26;0.826;0.01;1.04;0.46;0.0;0.06;0.49;0.03;0.13;0.01;180305_075807;0.1;0.0;18.32;3.21
32.052;0.48;0.34;0.68;0.53;14.31;0.06;31.27;1.19;2.42;61401.0;0.02;0.0;19.52;50999.0;0.08;0.82;4.26;0.831;0.01;1.05;0.46;0.0;0.06;0.49;0.03;0.13;0.01;180305_080307;0.1;0.0;18.33;3.22
32.136;0.48;0.34;0.68;0.54;14.31;0.06;31.3;1.19;2.41;61401.0;0.02;0.0;19.5;51290.0;0.08;0.83;4.27;0.835;0.01;1.04;0.46;0.0;0.06;0.49;0.03;0.13;0.01;180305_080808;0.1;0.0;18.31;3.21
32.221;0.48;0.34;0.68;0.54;14.31;0.06;31.33;1.19;2.41;61401.0;0.02;0.0;19.49;51439.0;0.08;0.83;4.27;0.838;0.01;1.04;0.46;0.0;0.06;0.49;0.03;0.13;0.01;180305_081314;0.1;0.0;18.28;3.21
32.304;0.49;0.34;0.69;0.53;14.32;0.06;31.36;1.19;2.41;61401.0;0.02;0.0;19.47;51654.0;0.08;0.83;4.28;0.841;0.01;1.04;0.45;0.0;0.06;0.49;0.03;0.13;0.01;180305_081815;0.1;0.0;18.27;3.21
32.388;0.49;0.34;0.69;0.53;14.32;0.06;31.37;1.19;2.4;61401.0;0.02;0.0;19.47;51681.0;0.08;0.83;4.27;0.842;0.01;1.04;0.45;0.0;0.06;0.49;0.03;0.13;0.01;180305_082315;0.1;0.0;18.26;3.22
32.471;0.49;0.34;0.69;0.53;14.32;0.06;31.38;1.19;2.4;61401.0;0.02;0.0;19.47;51686.0;0.08;0.83;4.27;0.842;0.01;1.04;0.45;0.0;0.06;0.49;0.03;0.13;0.01;180305_082816;0.1;0.0;18.26;3.22
32.555;0.49;0.34;0.69;0.53;14.32;0.06;31.38;1.19;2.4;61401.0;0.02;0.0;19.46;51737.0;0.08;0.83;4.27;0.843;0.01;1.04;0.45;0.0;0.06;0.49;0.03;0.13;0.01;180305_083317;0.1;0.0;18.25;3.21
32.638;0.49;0.34;0.69;0.53;14.32;0.06;31.38;1.19;2.4;61401.0;0.02;0.0;19.46;51737.0;0.08;0.83;4.27;0.843;0.01;1.04;0.45;0.0;0.06;0.49;0.03;0.13;0.01;180305_083817;0.1;0.0;18.25;3.21
32.722;0.48;0.34;0.69;0.53;14.36;0.06;31.44;1.19;2.4;61401.0;0.02;0.0;19.42;52305.0;0.08;0.83;4.28;0.852;0.01;1.04;0.45;0.0;0.06;0.5;0.03;0.13;0.01;180305_084318;0.1;0.0;18.22;3.2
32.805;0.48;0.34;0.68;0.53;14.36;0.06;31.47;1.19;2.4;61401.0;0.02;0.0;19.41;52882.0;0.08;0.83;4.28;0.861;0.01;1.04;0.44;0.0;0.06;0.5;0.03;0.13;0.01;180305_084819;0.1;0.0;18.2;3.21
32.889;0.48;0.34;0.68;0.53;14.37;0.06;31.48;1.19;2.4;61401.0;0.02;0.0;19.4;53004.0;0.08;0.83;4.28;0.863;0.01;1.04;0.44;0.0;0.06;0.5;0.03;0.13;0.01;180305_085319;0.1;0.0;18.2;3.21
32.972;0.49;0.34;0.69;0.53;14.38;0.06;31.51;1.19;2.39;61401.0;0.02;0.0;19.38;53187.0;0.08;0.83;4.28;0.866;0.01;1.04;0.44;0.0;0.06;0.5;0.03;0.13;0.01;180305_085820;0.1;0.0;18.18;3.21
33.056;0.49;0.34;0.69;0.53;14.38;0.06;31.51;1.19;2.39;61401.0;0.02;0.0;19.38;53246.0;0.08;0.83;4.28;0.867;0.01;1.04;0.44;0.0;0.06;0.5;0.03;0.13;0.01;180305_090320;0.1;0.0;18.18;3.21
33.139;0.49;0.34;0.68;0.54;14.34;0.06;31.46;1.18;2.41;61401.0;0.02;0.0;19.44;53837.0;0.08;0.83;4.27;0.877;0.01;1.05;0.44;0.0;0.06;0.5;0.03;0.13;0.01;180305_090821;0.1;0.0;18.13;3.26
33.224;0.49;0.34;0.69;0.54;14.34;0.06;31.47;1.18;2.41;61401.0;0.02;0.0;19.44;53920.0;0.08;0.83;4.27;0.878;0.01;1.05;0.43;0.0;0.06;0.5;0.03;0.13;0.01;180305_091327;0.1;0.0;18.13;3.26
33.308;0.49;0.34;0.68;0.54;14.34;0.06;31.48;1.19;2.41;61401.0;0.02;0.0;19.44;54103.0;0.08;0.83;4.27;0.881;0.01;1.05;0.43;0.0;0.06;0.5;0.03;0.13;0.01;180305_091828;0.1;0.0;18.12;3.26
33.391;0.49;0.34;0.68;0.54;14.35;0.06;31.52;1.19;2.41;61401.0;0.02;0.0;19.41;54417.0;0.08;0.83;4.27;0.886;0.01;1.05;0.45;0.0;0.06;0.5;0.03;0.13;0.01;180305_092328;0.1;0.0;18.1;3.25
33.475;0.49;0.34;0.68;0.53;14.37;0.06;31.56;1.19;2.39;61401.0;0.02;0.0;19.37;55825.0;0.08;0.83;4.27;0.909;0.01;1.05;0.44;0.0;0.06;0.5;0.03;0.13;0.01;180305_092829;0.1;0.0;18.12;3.24
33.558;0.49;0.34;0.68;0.53;14.37;0.06;31.6;1.19;2.39;61401.0;0.02;0.0;19.37;56052.0;0.08;0.83;4.27;0.913;0.01;1.05;0.43;0.0;0.06;0.5;0.03;0.13;0.01;180305_093330;0.1;0.0;18.09;3.24
33.642;0.49;0.34;0.68;0.53;14.38;0.06;31.61;1.19;2.39;61401.0;0.02;0.0;19.36;56130.0;0.08;0.83;4.27;0.914;0.01;1.05;0.43;0.0;0.06;0.5;0.03;0.13;0.01;180305_093830;0.1;0.0;18.08;3.24
33.725;0.49;0.34;0.68;0.53;14.38;0.06;31.63;1.19;2.38;61401.0;0.02;0.0;19.35;56296.0;0.08;0.83;4.27;0.917;0.01;1.05;0.45;0.0;0.06;0.5;0.03;0.13;0.01;180305_094331;0.1;0.0;18.06;3.24
33.809;0.49;0.34;0.68;0.53;14.39;0.06;31.66;1.19;2.38;61401.0;0.02;0.0;19.33;56508.0;0.08;0.83;4.27;0.92;0.01;1.05;0.46;0.0;0.06;0.5;0.03;0.13;0.01;180305_094831;0.1;0.0;18.03;3.24
33.892;0.49;0.33;0.68;0.53;14.4;0.06;31.69;1.19;2.38;61401.0;0.02;0.0;19.31;56696.0;0.08;0.83;4.27;0.923;0.01;1.05;0.46;0.0;0.06;0.5;0.03;0.13;0.01;180305_095332;0.1;0.0;18.01;3.24
33.976;0.49;0.33;0.68;0.53;14.4;0.06;31.71;1.19;2.38;61401.0;0.02;0.0;19.3;56779.0;0.08;0.84;4.27;0.925;0.01;1.05;0.46;0.0;0.06;0.5;0.03;0.13;0.01;180305_095833;0.1;0.0;18.0;3.24
34.059;0.49;0.33;0.68;0.53;14.41;0.06;31.71;1.19;2.38;61401.0;0.02;0.0;19.3;56875.0;0.08;0.83;4.27;0.926;0.01;1.05;0.46;0.0;0.06;0.5;0.03;0.13;0.01;180305_100333;0.1;0.0;18.0;3.24
34.143;0.49;0.33;0.68;0.53;14.42;0.06;31.72;1.19;2.38;61401.0;0.02;0.0;19.3;57015.0;0.08;0.83;4.27;0.929;0.01;1.05;0.46;0.0;0.06;0.5;0.03;0.13;0.01;180305_100834;0.1;0.0;17.99;3.24
34.226;0.49;0.33;0.68;0.53;14.42;0.06;31.72;1.19;2.37;61401.0;0.02;0.0;19.29;57145.0;0.08;0.83;4.27;0.931;0.01;1.05;0.46;0.0;0.06;0.5;0.03;0.13;0.01;180305_101335;0.1;0.0;17.99;3.23
34.31;0.49;0.33;0.68;0.53;14.42;0.06;31.75;1.19;2.37;61401.0;0.02;0.0;19.28;57226.0;0.08;0.84;4.27;0.932;0.01;1.05;0.45;0.0;0.06;0.5;0.03;0.13;0.01;180305_101835;0.1;0.0;17.97;3.24
34.393;0.49;0.33;0.69;0.53;14.41;0.06;31.74;1.19;2.38;61401.0;0.02;0.0;19.3;57307.0;0.09;0.84;4.27;0.933;0.01;1.05;0.45;0.0;0.06;0.5;0.03;0.13;0.01;180305_102336;0.1;0.0;17.96;3.24
34.477;0.49;0.33;0.69;0.53;14.41;0.06;31.74;1.19;2.38;61401.0;0.02;0.0;19.3;57399.0;0.09;0.84;4.27;0.935;0.01;1.05;0.45;0.0;0.06;0.5;0.03;0.13;0.01;180305_102836;0.1;0.0;17.96;3.24
34.56;0.49;0.33;0.68;0.53;14.4;0.06;31.76;1.19;2.38;61401.0;0.02;0.0;19.29;57483.0;0.08;0.84;4.27;0.936;0.01;1.05;0.45;0.0;0.06;0.5;0.03;0.13;0.01;180305_103337;0.1;0.0;17.94;3.25
34.644;0.49;0.33;0.69;0.53;14.4;0.06;31.76;1.19;2.38;61401.0;0.02;0.0;19.29;57642.0;0.08;0.84;4.27;0.939;0.01;1.05;0.45;0.0;0.06;0.5;0.03;0.13;0.01;180305_103838;0.1;0.0;17.95;3.25
34.727;0.49;0.33;0.69;0.53;14.4;0.06;31.76;1.19;2.38;61401.0;0.02;0.0;19.28;57741.0;0.09;0.84;4.27;0.94;0.01;1.05;0.45;0.0;0.06;0.5;0.03;0.13;0.01;180305_104338;0.1;0.0;17.95;3.25
34.811;0.49;0.33;0.69;0.53;14.41;0.06;31.77;1.19;2.38;61401.0;0.02;0.0;19.28;57874.0;0.09;0.84;4.27;0.943;0.01;1.05;0.45;0.0;0.06;0.5;0.03;0.13;0.01;180305_104840;0.1;0.0;17.94;3.24
34.894;0.49;0.33;0.69;0.53;14.42;0.06;31.78;1.19;2.38;61401.0;0.02;0.0;19.27;57989.0;0.09;0.84;4.27;0.944;0.01;1.05;0.45;0.0;0.06;0.5;0.03;0.13;0.01;180305_105340;0.1;0.0;17.93;3.24
34.978;0.49;0.33;0.69;0.53;14.43;0.06;31.82;1.2;2.38;61401.0;0.02;0.0;19.25;58254.0;0.09;0.84;4.27;0.949;0.01;1.05;0.45;0.0;0.06;0.5;0.03;0.13;0.01;180305_105841;0.1;0.0;17.9;3.24
35.061;0.49;0.33;0.69;0.53;14.43;0.06;31.84;1.2;2.38;61401.0;0.02;0.0;19.24;58320.0;0.09;0.84;4.27;0.95;0.01;1.05;0.45;0.0;0.06;0.5;0.03;0.13;0.01;180305_110341;0.1;0.0;17.89;3.24
35.145;0.49;0.33;0.69;0.53;14.45;0.06;31.85;1.2;2.38;61401.0;0.02;0.0;19.23;58456.0;0.09;0.84;4.27;0.952;0.01;1.05;0.44;0.0;0.06;0.5;0.03;0.13;0.01;180305_110842;0.1;0.0;17.87;3.24
35.229;0.49;0.33;0.69;0.53;14.46;0.06;31.85;1.2;2.38;61401.0;0.02;0.0;19.23;58573.0;0.08;0.84;4.27;0.954;0.01;1.05;0.44;0.0;0.06;0.5;0.03;0.13;0.01;180305_111343;0.1;0.0;17.86;3.25
35.312;0.49;0.33;0.69;0.53;14.46;0.06;31.85;1.2;2.38;61401.0;0.02;0.0;19.23;58611.0;0.08;0.84;4.27;0.955;0.01;1.05;0.44;0.0;0.06;0.5;0.03;0.13;0.01;180305_111844;0.1;0.0;17.86;3.25
35.396;0.49;0.33;0.69;0.53;14.46;0.06;31.89;1.2;2.38;61401.0;0.02;0.0;19.21;58875.0;0.08;0.84;4.27;0.959;0.01;1.05;0.44;0.0;0.06;0.5;0.03;0.13;0.01;180305_112344;0.1;0.0;17.84;3.24
35.479;0.49;0.33;0.69;0.53;14.47;0.06;31.89;1.2;2.37;61401.0;0.02;0.0;19.21;58932.0;0.08;0.84;4.27;0.96;0.01;1.05;0.44;0.0;0.06;0.5;0.03;0.13;0.01;180305_112845;0.1;0.0;17.84;3.24
35.563;0.49;0.33;0.69;0.53;14.46;0.06;31.91;1.19;2.37;61401.0;0.02;0.0;19.21;59141.0;0.08;0.84;4.27;0.963;0.01;1.05;0.44;0.0;0.06;0.5;0.03;0.13;0.01;180305_113345;0.1;0.0;17.83;3.25
35.646;0.49;0.33;0.69;0.53;14.46;0.06;31.93;1.2;2.37;61401.0;0.02;0.0;19.21;59245.0;0.08;0.84;4.26;0.965;0.01;1.05;0.44;0.0;0.06;0.5;0.03;0.12;0.01;180305_113846;0.1;0.0;17.82;3.25
35.729;0.49;0.33;0.69;0.53;14.47;0.06;31.93;1.19;2.37;61401.0;0.02;0.0;19.2;59403.0;0.08;0.84;4.26;0.967;0.01;1.05;0.44;0.0;0.06;0.5;0.03;0.13;0.01;180305_114346;0.1;0.0;17.81;3.25
35.813;0.49;0.33;0.69;0.53;14.47;0.06;31.93;1.19;2.37;61401.0;0.02;0.0;19.2;59427.0;0.08;0.84;4.26;0.968;0.01;1.05;0.44;0.0;0.06;0.5;0.03;0.13;0.01;180305_114847;0.1;0.0;17.82;3.25
35.897;0.49;0.33;0.69;0.53;14.47;0.06;31.93;1.19;2.37;61401.0;0.02;0.0;19.2;59427.0;0.08;0.84;4.26;0.968;0.01;1.05;0.44;0.0;0.06;0.5;0.03;0.13;0.01;180305_115348;0.1;0.0;17.82;3.25
35.98;0.49;0.33;0.69;0.53;14.47;0.06;31.93;1.19;2.37;61401.0;0.02;0.0;19.2;59452.0;0.08;0.84;4.26;0.968;0.01;1.05;0.44;0.0;0.06;0.5;0.03;0.13;0.01;180305_115848;0.1;0.0;17.82;3.25
36.064;0.49;0.33;0.69;0.54;14.48;0.06;31.93;1.19;2.37;61401.0;0.02;0.0;19.21;59677.0;0.08;0.84;4.27;0.972;0.01;1.05;0.44;0.0;0.05;0.5;0.03;0.12;0.01;180305_120349;0.1;0.0;17.8;3.25
36.147;0.49;0.33;0.69;0.54;14.47;0.06;31.94;1.19;2.37;61401.0;0.02;0.0;19.21;59791.0;0.08;0.84;4.26;0.974;0.01;1.05;0.43;0.0;0.05;0.5;0.03;0.12;0.01;180305_120850;0.1;0.0;17.79;3.25
36.231;0.49;0.33;0.69;0.54;14.47;0.06;31.94;1.19;2.37;61401.0;0.02;0.0;19.22;59829.0;0.09;0.84;4.26;0.974;0.01;1.05;0.43;0.0;0.05;0.5;0.03;0.12;0.01;180305_121350;0.1;0.0;17.8;3.25
36.314;0.49;0.33;0.69;0.54;14.46;0.06;31.95;1.19;2.37;61401.0;0.02;0.0;19.21;59904.0;0.09;0.84;4.26;0.976;0.01;1.05;0.43;0.0;0.05;0.5;0.03;0.12;0.01;180305_121851;0.1;0.0;17.79;3.26
36.398;0.49;0.33;0.69;0.54;14.46;0.06;31.95;1.19;2.38;61401.0;0.02;0.0;19.21;60016.0;0.09;0.84;4.26;0.977;0.01;1.05;0.43;0.0;0.05;0.5;0.03;0.12;0.01;180305_122351;0.1;0.0;17.79;3.26
36.481;0.49;0.33;0.69;0.54;14.46;0.06;31.95;1.19;2.38;61401.0;0.02;0.0;19.21;60016.0;0.09;0.84;4.26;0.977;0.01;1.05;0.43;0.0;0.05;0.5;0.03;0.12;0.01;180305_122852;0.1;0.0;17.79;3.26
36.565;0.49;0.33;0.69;0.54;14.46;0.06;31.96;1.19;2.38;61401.0;0.02;0.0;19.2;60103.0;0.09;0.84;4.26;0.979;0.01;1.05;0.43;0.0;0.05;0.5;0.03;0.12;0.01;180305_123353;0.1;0.0;17.78;3.26
36.648;0.49;0.33;0.69;0.54;14.47;0.06;31.95;1.19;2.37;61401.0;0.02;0.0;19.19;60231.0;0.08;0.85;4.26;0.981;0.01;1.05;0.43;0.0;0.05;0.5;0.03;0.12;0.01;180305_123853;0.1;0.0;17.8;3.26
36.732;0.49;0.33;0.69;0.54;14.46;0.06;31.95;1.19;2.37;61401.0;0.02;0.0;19.2;60258.0;0.08;0.85;4.26;0.981;0.01;1.05;0.43;0.0;0.05;0.5;0.03;0.12;0.01;180305_124354;0.1;0.0;17.8;3.26
36.815;0.49;0.33;0.69;0.54;14.46;0.06;31.94;1.19;2.37;61401.0;0.02;0.0;19.2;60279.0;0.08;0.85;4.26;0.982;0.01;1.05;0.43;0.0;0.05;0.5;0.03;0.12;0.01;180305_124854;0.1;0.0;17.8;3.26
36.899;0.49;0.33;0.69;0.54;14.46;0.06;31.94;1.19;2.37;61401.0;0.02;0.0;19.2;60301.0;0.08;0.85;4.26;0.982;0.01;1.05;0.43;0.0;0.05;0.5;0.03;0.12;0.01;180305_125355;0.1;0.0;17.8;3.26
36.982;0.49;0.33;0.69;0.54;14.46;0.06;31.95;1.19;2.37;61401.0;0.02;0.0;19.2;60314.0;0.08;0.85;4.26;0.982;0.01;1.05;0.43;0.0;0.05;0.5;0.03;0.12;0.01;180305_125856;0.1;0.0;17.8;3.26
37.066;0.49;0.33;0.69;0.54;14.47;0.06;31.96;1.2;2.37;61401.0;0.02;0.0;19.19;60387.0;0.08;0.85;4.26;0.983;0.01;1.05;0.43;0.0;0.05;0.5;0.03;0.12;0.01;180305_130356;0.1;0.0;17.79;3.26
37.149;0.49;0.33;0.69;0.54;14.47;0.06;31.97;1.2;2.37;61401.0;0.02;0.0;19.19;60412.0;0.08;0.85;4.26;0.984;0.01;1.05;0.43;0.0;0.05;0.5;0.03;0.12;0.01;180305_130857;0.1;0.0;17.79;3.26
37.233;0.49;0.33;0.69;0.54;14.46;0.06;31.97;1.2;2.37;61401.0;0.02;0.0;19.19;60429.0;0.09;0.85;4.26;0.984;0.01;1.05;0.43;0.0;0.05;0.5;0.03;0.12;0.01;180305_131358;0.1;0.0;17.79;3.26
37.316;0.49;0.33;0.69;0.54;14.46;0.06;31.97;1.2;2.37;61401.0;0.02;0.0;19.19;60443.0;0.09;0.85;4.26;0.984;0.01;1.05;0.43;0.0;0.05;0.5;0.03;0.12;0.01;180305_131858;0.1;0.0;17.79;3.26
37.4;0.49;0.33;0.69;0.54;14.47;0.06;31.98;1.19;2.37;61401.0;0.02;0.0;19.19;60467.0;0.08;0.85;4.26;0.985;0.01;1.05;0.43;0.0;0.05;0.5;0.03;0.12;0.01;180305_132359;0.1;0.0;17.78;3.26
37.483;0.49;0.33;0.69;0.54;14.47;0.06;31.98;1.2;2.37;61401.0;0.02;0.0;19.18;60541.0;0.09;0.85;4.26;0.986;0.01;1.05;0.43;0.0;0.05;0.5;0.03;0.12;0.01;180305_132859;0.1;0.0;17.78;3.26
37.567;0.49;0.33;0.69;0.54;14.47;0.06;31.99;1.2;2.37;61401.0;0.02;0.0;19.18;60591.0;0.09;0.85;4.26;0.987;0.01;1.05;0.43;0.0;0.05;0.5;0.03;0.12;0.01;180305_133400;0.1;0.0;17.77;3.26
37.65;0.49;0.33;0.69;0.54;14.47;0.06;32.01;1.19;2.37;61401.0;0.02;0.0;19.16;60655.0;0.08;0.85;4.26;0.988;0.01;1.05;0.43;0.0;0.05;0.51;0.03;0.12;0.01;180305_133900;0.1;0.0;17.77;3.26
37.734;0.49;0.33;0.69;0.54;14.47;0.06;32.01;1.19;2.37;61401.0;0.02;0.0;19.16;60680.0;0.08;0.85;4.26;0.988;0.01;1.05;0.43;0.0;0.05;0.51;0.03;0.12;0.01;180305_134401;0.1;0.0;17.77;3.26
37.817;0.49;0.33;0.69;0.54;14.47;0.06;32.02;1.19;2.37;61401.0;0.02;0.0;19.16;60741.0;0.08;0.85;4.26;0.989;0.01;1.05;0.43;0.0;0.05;0.51;0.03;0.12;0.01;180305_134902;0.1;0.0;17.76;3.25
37.901;0.49;0.33;0.69;0.54;14.47;0.06;32.03;1.19;2.37;61401.0;0.02;0.0;19.16;60756.0;0.08;0.85;4.26;0.989;0.01;1.05;0.43;0.0;0.05;0.52;0.03;0.12;0.01;180305_135402;0.1;0.0;17.75;3.26
37.984;0.49;0.33;0.69;0.53;14.47;0.06;32.08;1.19;2.36;61401.0;0.02;0.0;19.15;60886.0;0.09;0.85;4.25;0.992;0.01;1.05;0.43;0.0;0.05;0.52;0.03;0.12;0.01;180305_135903;0.1;0.0;17.72;3.26
38.068;0.49;0.33;0.69;0.54;14.46;0.06;32.09;1.2;2.36;61401.0;0.02;0.0;19.15;60962.0;0.09;0.85;4.25;0.993;0.01;1.05;0.43;0.0;0.05;0.52;0.03;0.12;0.01;180305_140404;0.1;0.0;17.7;3.26
38.151;0.49;0.33;0.69;0.54;14.46;0.06;32.09;1.2;2.36;61401.0;0.02;0.0;19.15;60999.0;0.09;0.85;4.25;0.993;0.01;1.05;0.43;0.0;0.05;0.52;0.03;0.12;0.01;180305_140904;0.1;0.0;17.7;3.26
38.235;0.49;0.33;0.69;0.54;14.46;0.06;32.1;1.2;2.36;61401.0;0.02;0.0;19.15;61028.0;0.09;0.85;4.25;0.994;0.01;1.05;0.43;0.0;0.05;0.52;0.03;0.12;0.01;180305_141405;0.1;0.0;17.7;3.26
38.318;0.49;0.33;0.69;0.54;14.46;0.06;32.1;1.2;2.36;61401.0;0.02;0.0;19.15;61034.0;0.09;0.85;4.25;0.994;0.01;1.05;0.43;0.0;0.05;0.52;0.03;0.12;0.01;180305_141906;0.1;0.0;17.7;3.26
38.402;0.49;0.33;0.69;0.54;14.46;0.06;32.1;1.2;2.36;61401.0;0.02;0.0;19.15;61041.0;0.09;0.85;4.25;0.994;0.01;1.05;0.43;0.0;0.05;0.52;0.03;0.12;0.01;180305_142407;0.1;0.0;17.7;3.26
38.488;0.49;0.33;0.69;0.54;14.46;0.06;32.11;1.2;2.36;61401.0;0.02;0.0;19.15;61063.0;0.09;0.85;4.25;0.994;0.01;1.05;0.43;0.0;0.05;0.52;0.03;0.12;0.01;180305_142915;0.1;0.0;17.69;3.26
38.571;0.49;0.33;0.69;0.54;14.46;0.06;32.12;1.2;2.36;61401.0;0.02;0.0;19.14;61066.0;0.09;0.85;4.25;0.995;0.01;1.05;0.43;0.0;0.05;0.52;0.03;0.12;0.01;180305_143416;0.1;0.0;17.69;3.26
38.654;0.49;0.33;0.69;0.54;14.46;0.06;32.12;1.2;2.36;61401.0;0.02;0.0;19.14;61080.0;0.09;0.85;4.25;0.995;0.01;1.05;0.42;0.0;0.05;0.52;0.03;0.12;0.01;180305_143916;0.1;0.0;17.68;3.26
38.738;0.49;0.33;0.69;0.54;14.46;0.06;32.13;1.2;2.36;61401.0;0.02;0.0;19.15;61090.0;0.09;0.85;4.25;0.995;0.01;1.05;0.42;0.0;0.05;0.52;0.03;0.12;0.01;180305_144417;0.1;0.0;17.68;3.26
38.822;0.49;0.33;0.69;0.54;14.46;0.06;32.13;1.2;2.36;61401.0;0.02;0.0;19.15;61098.0;0.09;0.85;4.25;0.995;0.01;1.05;0.42;0.0;0.05;0.52;0.03;0.12;0.01;180305_144918;0.1;0.0;17.68;3.26
38.905;0.49;0.33;0.69;0.54;14.46;0.06;32.13;1.2;2.36;61401.0;0.02;0.0;19.15;61098.0;0.09;0.85;4.25;0.995;0.01;1.05;0.42;0.0;0.05;0.52;0.03;0.12;0.01;180305_145418;0.1;0.0;17.68;3.26
38.989;0.49;0.33;0.7;0.54;14.46;0.06;32.14;1.2;2.36;61401.0;0.02;0.0;19.14;61121.0;0.09;0.85;4.25;0.995;0.01;1.05;0.42;0.0;0.05;0.52;0.03;0.12;0.01;180305_145919;0.1;0.0;17.67;3.26
39.072;0.49;0.33;0.7;0.54;14.46;0.06;32.14;1.2;2.36;61401.0;0.02;0.0;19.14;61142.0;0.09;0.85;4.25;0.996;0.01;1.05;0.42;0.0;0.05;0.52;0.03;0.12;0.01;180305_150420;0.1;0.0;17.67;3.26
39.156;0.49;0.33;0.69;0.54;14.46;0.06;32.14;1.2;2.36;61401.0;0.02;0.0;19.14;61142.0;0.09;0.85;4.25;0.996;0.01;1.05;0.42;0.0;0.05;0.52;0.03;0.12;0.01;180305_150920;0.1;0.0;17.67;3.26
39.239;0.49;0.33;0.69;0.54;14.46;0.06;32.14;1.2;2.36;61401.0;0.02;0.0;19.14;61159.0;0.09;0.85;4.25;0.996;0.01;1.05;0.42;0.0;0.05;0.52;0.03;0.12;0.01;180305_151421;0.1;0.0;17.67;3.26
39.317;0.49;0.33;0.7;0.54;14.46;0.06;32.15;1.2;2.36;61401.0;0.02;0.0;19.14;61159.0;0.09;0.85;4.25;0.996;0.01;1.05;0.42;0.0;0.05;0.52;0.03;0.12;0.01;180305_151900;0.1;0.0;17.67;3.26
39.35;0.49;0.33;0.7;0.54;14.46;0.06;32.15;1.2;2.36;61401.0;0.02;0.0;19.14;61164.0;0.09;0.85;4.25;0.996;0.01;1.05;0.42;0.0;0.05;0.52;0.03;0.12;0.01;180305_152101;0.1;0.0;17.67;3.26
39.384;0.49;0.33;0.7;0.54;14.46;0.06;32.15;1.2;2.36;61401.0;0.02;0.0;19.14;61164.0;0.09;0.85;4.25;0.996;0.01;1.05;0.42;0.0;0.05;0.52;0.03;0.12;0.01;180305_152302;0.1;0.0;17.67;3.26
39.419;0.49;0.33;0.7;0.54;14.46;0.06;32.15;1.2;2.36;61401.0;0.02;0.0;19.14;61168.0;0.09;0.85;4.25;0.996;0.01;1.05;0.42;0.0;0.05;0.52;0.03;0.12;0.01;180305_152509;0.1;0.0;17.67;3.26
39.453;0.49;0.33;0.7;0.54;14.46;0.06;32.15;1.2;2.36;61401.0;0.02;0.0;19.14;61167.0;0.09;0.85;4.25;0.996;0.01;1.05;0.42;0.0;0.05;0.52;0.03;0.12;0.01;180305_152710;0.1;0.0;17.67;3.26
39.486;0.49;0.33;0.7;0.54;14.46;0.06;32.15;1.2;2.36;61401.0;0.02;0.0;19.14;61164.0;0.09;0.85;4.25;0.996;0.01;1.05;0.42;0.0;0.05;0.52;0.03;0.12;0.01;180305_152911;0.1;0.0;17.67;3.26
39.52;0.49;0.33;0.7;0.54;14.46;0.06;32.15;1.2;2.36;61401.0;0.02;0.0;19.14;61167.0;0.09;0.85;4.25;0.996;0.01;1.05;0.42;0.0;0.05;0.52;0.03;0.12;0.01;180305_153112;0.1;0.0;17.67;3.26
39.554;0.49;0.33;0.7;0.54;14.46;0.06;32.15;1.2;2.36;61401.0;0.02;0.0;19.14;61180.0;0.09;0.85;4.25;0.996;0.01;1.05;0.42;0.0;0.05;0.52;0.03;0.12;0.01;180305_153314;0.1;0.0;17.67;3.26
39.587;0.49;0.33;0.7;0.54;14.46;0.06;32.15;1.2;2.36;61401.0;0.02;0.0;19.14;61180.0;0.09;0.85;4.25;0.996;0.01;1.05;0.42;0.0;0.05;0.52;0.03;0.12;0.01;180305_153514;0.1;0.0;17.67;3.26
39.621;0.49;0.33;0.7;0.54;14.46;0.06;32.15;1.2;2.36;61401.0;0.02;0.0;19.14;61185.0;0.09;0.85;4.25;0.996;0.01;1.05;0.42;0.0;0.05;0.52;0.03;0.12;0.01;180305_153715;0.1;0.0;17.67;3.26
39.654;0.49;0.33;0.7;0.54;14.46;0.06;32.15;1.2;2.36;61401.0;0.02;0.0;19.14;61185.0;0.09;0.85;4.25;0.996;0.01;1.05;0.42;0.0;0.05;0.52;0.03;0.12;0.01;180305_153916;0.1;0.0;17.67;3.26
39.688;0.49;0.33;0.7;0.54;14.46;0.06;32.15;1.2;2.36;61401.0;0.02;0.0;19.14;61185.0;0.09;0.85;4.25;0.996;0.01;1.05;0.42;0.0;0.05;0.52;0.03;0.12;0.01;180305_154117;0.1;0.0;17.67;3.26
39.722;0.49;0.33;0.7;0.54;14.46;0.06;32.15;1.2;2.36;61401.0;0.02;0.0;19.14;61185.0;0.09;0.85;4.25;0.996;0.01;1.05;0.42;0.0;0.05;0.52;0.03;0.12;0.01;180305_154319;0.1;0.0;17.67;3.26
39.838;0.49;0.33;0.7;0.54;14.46;0.06;32.15;1.2;2.36;61401.0;0.02;0.0;19.14;61190.0;0.09;0.85;4.25;0.997;0.01;1.05;0.42;0.0;0.05;0.52;0.03;0.12;0.01;180305_155016;0.1;0.0;17.67;3.26
39.933;0.49;0.33;0.69;0.54;14.46;0.06;32.15;1.2;2.36;61401.0;0.02;0.0;19.14;61237.0;0.09;0.85;4.25;0.997;0.01;1.05;0.42;0.0;0.05;0.52;0.03;0.12;0.01;180305_155558;0.1;0.0;17.67;3.26
39.992;0.49;0.33;0.69;0.54;14.46;0.06;32.15;1.2;2.36;61401.0;0.02;0.0;19.14;61243.0;0.09;0.85;4.26;0.997;0.01;1.05;0.42;0.0;0.05;0.52;0.03;0.12;0.01;180305_155932;0.1;0.0;17.67;3.26
40.042;0.49;0.33;0.69;0.54;14.45;0.06;32.15;1.2;2.36;61401.0;0.02;0.0;19.14;61255.0;0.09;0.85;4.26;0.998;0.01;1.05;0.42;0.0;0.05;0.52;0.03;0.12;0.01;180305_160233;0.1;0.0;17.66;3.26
40.163;0.49;0.33;0.69;0.54;14.45;0.06;32.15;1.2;2.36;61401.0;0.02;0.0;19.14;61281.0;0.09;0.85;4.26;0.998;0.01;1.05;0.42;0.0;0.05;0.52;0.03;0.12;0.01;180305_160947;0.1;0.0;17.66;3.26
40.213;0.49;0.33;0.69;0.54;14.45;0.06;32.15;1.2;2.36;61401.0;0.02;0.0;19.13;61279.0;0.09;0.85;4.26;0.998;0.01;1.05;0.42;0.0;0.05;0.52;0.03;0.12;0.01;180305_161248;0.1;0.0;17.66;3.26
40.263;0.49;0.33;0.69;0.54;14.45;0.06;32.16;1.2;2.36;61401.0;0.02;0.0;19.13;61301.0;0.09;0.85;4.26;0.998;0.01;1.05;0.42;0.0;0.05;0.52;0.03;0.12;0.01;180305_161548;0.1;0.0;17.65;3.26
40.314;0.49;0.33;0.7;0.54;14.45;0.06;32.16;1.2;2.36;61401.0;0.02;0.0;19.13;61306.0;0.09;0.85;4.26;0.998;0.01;1.05;0.42;0.0;0.05;0.52;0.03;0.12;0.01;180305_161849;0.1;0.0;17.66;3.26
40.364;0.49;0.33;0.7;0.54;14.45;0.06;32.16;1.2;2.36;61401.0;0.02;0.0;19.13;61306.0;0.09;0.85;4.26;0.998;0.01;1.05;0.42;0.0;0.05;0.52;0.03;0.12;0.01;180305_162150;0.1;0.0;17.66;3.26
40.414;0.49;0.33;0.7;0.54;14.45;0.06;32.16;1.2;2.36;61401.0;0.02;0.0;19.13;61306.0;0.09;0.85;4.26;0.998;0.01;1.05;0.42;0.0;0.05;0.52;0.03;0.12;0.01;180305_162451;0.1;0.0;17.66;3.26
40.464;0.49;0.33;0.7;0.54;14.45;0.06;32.16;1.2;2.36;61401.0;0.02;0.0;19.13;61306.0;0.09;0.85;4.26;0.998;0.01;1.05;0.42;0.0;0.05;0.52;0.03;0.12;0.01;180305_162751;0.1;0.0;17.66;3.26
40.514;0.49;0.33;0.7;0.54;14.45;0.06;32.16;1.2;2.36;61401.0;0.02;0.0;19.13;61306.0;0.09;0.85;4.26;0.998;0.01;1.05;0.42;0.0;0.05;0.52;0.03;0.12;0.01;180305_163052;0.1;0.0;17.66;3.26
40.565;0.49;0.33;0.7;0.54;14.45;0.06;32.16;1.2;2.36;61401.0;0.02;0.0;19.13;61306.0;0.09;0.85;4.26;0.998;0.01;1.05;0.42;0.0;0.05;0.52;0.03;0.12;0.01;180305_163355;0.1;0.0;17.66;3.26
40.616;0.49;0.33;0.7;0.54;14.45;0.06;32.16;1.2;2.36;61401.0;0.02;0.0;19.13;61306.0;0.09;0.85;4.26;0.998;0.01;1.05;0.42;0.0;0.05;0.52;0.03;0.12;0.01;180305_163656;0.1;0.0;17.66;3.26
40.666;0.49;0.33;0.7;0.54;14.45;0.06;32.16;1.2;2.36;61401.0;0.02;0.0;19.13;61306.0;0.09;0.85;4.26;0.998;0.01;1.05;0.42;0.0;0.05;0.52;0.03;0.12;0.01;180305_163959;0.1;0.0;17.66;3.26
40.717;0.49;0.33;0.7;0.54;14.45;0.06;32.16;1.2;2.36;61401.0;0.02;0.0;19.13;61306.0;0.09;0.85;4.26;0.998;0.01;1.05;0.42;0.0;0.05;0.52;0.03;0.12;0.01;180305_164301;0.1;0.0;17.66;3.26
40.767;0.49;0.33;0.7;0.54;14.45;0.06;32.16;1.2;2.36;61401.0;0.02;0.0;19.13;61316.0;0.09;0.85;4.26;0.999;0.01;1.05;0.42;0.0;0.05;0.52;0.03;0.12;0.01;180305_164603;0.1;0.0;17.66;3.26
40.818;0.49;0.33;0.7;0.54;14.45;0.06;32.16;1.2;2.36;61401.0;0.02;0.0;19.13;61316.0;0.09;0.85;4.26;0.999;0.01;1.05;0.42;0.0;0.05;0.52;0.03;0.12;0.01;180305_164905;0.1;0.0;17.66;3.26
40.868;0.49;0.33;0.7;0.54;14.45;0.06;32.16;1.2;2.36;61401.0;0.02;0.0;19.13;61316.0;0.09;0.85;4.26;0.999;0.01;1.05;0.42;0.0;0.05;0.52;0.03;0.12;0.01;180305_165206;0.1;0.0;17.66;3.26
40.919;0.49;0.33;0.7;0.54;14.45;0.06;32.16;1.2;2.36;61401.0;0.02;0.0;19.13;61316.0;0.09;0.85;4.26;0.999;0.01;1.05;0.42;0.0;0.05;0.52;0.03;0.12;0.01;180305_165507;0.1;0.0;17.66;3.26
40.969;0.49;0.33;0.7;0.54;14.45;0.06;32.16;1.2;2.36;61401.0;0.02;0.0;19.13;61326.0;0.09;0.85;4.26;0.999;0.01;1.05;0.42;0.0;0.05;0.52;0.03;0.12;0.01;180305_165809;0.1;0.0;17.66;3.26
41.02;0.49;0.33;0.7;0.54;14.44;0.06;32.16;1.2;2.36;61401.0;0.02;0.0;19.14;61327.0;0.09;0.85;4.26;0.999;0.01;1.05;0.42;0.0;0.05;0.52;0.03;0.12;0.01;180305_170111;0.1;0.0;17.65;3.27
41.071;0.49;0.33;0.7;0.54;14.44;0.06;32.16;1.2;2.36;61401.0;0.02;0.0;19.14;61327.0;0.09;0.85;4.26;0.999;0.01;1.05;0.42;0.0;0.05;0.52;0.03;0.12;0.01;180305_170414;0.1;0.0;17.65;3.27
41.121;0.49;0.33;0.7;0.54;14.44;0.06;32.16;1.2;2.36;61401.0;0.02;0.0;19.14;61328.0;0.09;0.85;4.26;0.999;0.01;1.05;0.42;0.0;0.05;0.52;0.03;0.12;0.01;180305_170716;0.1;0.0;17.65;3.27
41.172;0.49;0.33;0.7;0.54;14.44;0.06;32.16;1.2;2.36;61401.0;0.02;0.0;19.14;61328.0;0.09;0.85;4.26;0.999;0.01;1.05;0.42;0.0;0.05;0.52;0.03;0.12;0.01;180305_171018;0.1;0.0;17.65;3.27
41.222;0.49;0.33;0.7;0.54;14.44;0.06;32.16;1.2;2.36;61401.0;0.02;0.0;19.14;61328.0;0.09;0.85;4.26;0.999;0.01;1.05;0.42;0.0;0.05;0.52;0.03;0.12;0.01;180305_171319;0.1;0.0;17.65;3.27
41.273;0.49;0.33;0.7;0.54;14.44;0.06;32.16;1.2;2.36;61401.0;0.02;0.0;19.14;61328.0;0.09;0.85;4.26;0.999;0.01;1.05;0.42;0.0;0.05;0.52;0.03;0.12;0.01;180305_171622;0.1;0.0;17.65;3.27
41.579;0.49;0.33;0.7;0.54;14.44;0.06;32.17;1.2;2.36;61401.0;0.02;0.0;19.14;61331.0;0.09;0.85;4.26;0.999;0.01;1.05;0.42;0.0;0.05;0.52;0.03;0.12;0.01;180305_173445;0.1;0.0;17.65;3.27
41.754;0.49;0.33;0.7;0.54;14.44;0.06;32.17;1.2;2.36;61401.0;0.02;0.0;19.14;61347.0;0.09;0.85;4.26;0.999;0.01;1.05;0.42;0.0;0.05;0.52;0.03;0.12;0.01;180305_174514;0.1;0.0;17.65;3.27
41.926;0.49;0.33;0.7;0.54;14.44;0.06;32.17;1.2;2.36;61401.0;0.02;0.0;19.14;61347.0;0.09;0.85;4.26;0.999;0.01;1.05;0.42;0.0;0.05;0.52;0.03;0.12;0.01;180305_175532;0.1;0.0;17.65;3.27
42.533;0.49;0.33;0.7;0.54;14.44;0.06;32.18;1.2;2.36;61401.0;0.02;0.0;19.13;61355.0;0.09;0.85;4.26;0.999;0.01;1.05;0.42;0.0;0.05;0.52;0.03;0.12;0.01;180305_183158;0.1;0.0;17.64;3.27
42.65;0.49;0.33;0.7;0.54;14.44;0.06;32.18;1.2;2.36;61401.0;0.02;0.0;19.13;61355.0;0.09;0.85;4.26;0.999;0.01;1.05;0.42;0.0;0.05;0.52;0.03;0.12;0.01;180305_183859;0.1;0.0;17.64;3.27
43.252;0.49;0.33;0.7;0.54;14.44;0.06;32.18;1.2;2.36;61401.0;0.02;0.0;19.13;61355.0;0.09;0.85;4.26;0.999;0.01;1.05;0.42;0.0;0.05;0.52;0.03;0.12;0.01;180305_191506;0.1;0.0;17.64;3.27
43.479;0.49;0.33;0.7;0.54;14.44;0.06;32.18;1.2;2.36;61401.0;0.02;0.0;19.13;61364.0;0.09;0.85;4.26;0.999;0.01;1.05;0.42;0.0;0.05;0.52;0.03;0.12;0.01;180305_192843;0.1;0.0;17.64;3.27
43.607;0.49;0.33;0.7;0.54;14.44;0.06;32.18;1.2;2.36;61401.0;0.02;0.0;19.13;61371.0;0.09;0.85;4.26;1.0;0.01;1.05;0.42;0.0;0.05;0.52;0.03;0.12;0.01;180305_193625;0.1;0.0;17.64;3.27
43.867;0.49;0.33;0.7;0.54;14.44;0.06;32.18;1.2;2.36;61401.0;0.02;0.0;19.13;61371.0;0.09;0.85;4.26;1.0;0.01;1.05;0.42;0.0;0.05;0.52;0.03;0.12;0.01;180305_195202;0.1;0.0;17.64;3.27
44.012;0.49;0.33;0.7;0.54;14.44;0.06;32.18;1.2;2.36;61401.0;0.02;0.0;19.13;61371.0;0.09;0.85;4.26;1.0;0.01;1.05;0.42;0.0;0.05;0.52;0.03;0.12;0.01;180305_200042;0.1;0.0;17.64;3.27
44.688;0.49;0.33;0.7;0.54;14.44;0.06;32.18;1.2;2.36;61401.0;0.02;0.0;19.13;61373.0;0.09;0.85;4.26;1.0;0.01;1.05;0.42;0.0;0.05;0.52;0.03;0.12;0.01;180305_204117;0.1;0.0;17.64;3.27
45.435;0.49;0.33;0.7;0.54;14.44;0.06;32.19;1.2;2.36;61401.0;0.02;0.0;19.13;61375.0;0.09;0.85;4.26;1.0;0.01;1.05;0.42;0.0;0.05;0.52;0.03;0.12;0.01;180305_212606;0.1;0.0;17.64;3.27
45.614;0.49;0.33;0.7;0.54;14.44;0.06;32.19;1.2;2.36;61401.0;0.02;0.0;19.13;61375.0;0.09;0.85;4.26;1.0;0.01;1.05;0.42;0.0;0.05;0.52;0.03;0.12;0.01;180305_213651;0.1;0.0;17.64;3.27
46.026;0.49;0.33;0.7;0.54;14.44;0.06;32.19;1.2;2.36;61401.0;0.02;0.0;19.13;61375.0;0.09;0.85;4.26;1.0;0.01;1.05;0.42;0.0;0.05;0.52;0.03;0.12;0.01;180305_220132;0.1;0.0;17.64;3.27
46.209;0.49;0.33;0.7;0.54;14.44;0.06;32.19;1.2;2.36;61401.0;0.02;0.0;19.13;61375.0;0.09;0.85;4.26;1.0;0.01;1.05;0.42;0.0;0.05;0.52;0.03;0.12;0.01;180305_221233;0.1;0.0;17.64;3.27
46.26;0.49;0.33;0.7;0.54;14.44;0.06;32.19;1.2;2.36;61401.0;0.02;0.0;19.13;61375.0;0.09;0.85;4.26;1.0;0.01;1.05;0.42;0.0;0.05;0.52;0.03;0.12;0.01;180305_221535;0.1;0.0;17.64;3.27
46.31;0.49;0.33;0.7;0.54;14.44;0.06;32.19;1.2;2.36;61401.0;0.02;0.0;19.13;61375.0;0.09;0.85;4.26;1.0;0.01;1.05;0.42;0.0;0.05;0.52;0.03;0.12;0.01;180305_221837;0.1;0.0;17.64;3.27
46.396;0.49;0.33;0.7;0.54;14.44;0.06;32.19;1.2;2.36;61401.0;0.02;0.0;19.13;61375.0;0.09;0.85;4.26;1.0;0.01;1.05;0.42;0.0;0.05;0.52;0.03;0.12;0.01;180305_222347;0.1;0.0;17.64;3.27
46.774;0.49;0.33;0.7;0.54;14.44;0.06;32.19;1.2;2.36;61401.0;0.02;0.0;19.13;61375.0;0.09;0.85;4.26;1.0;0.01;1.05;0.42;0.0;0.05;0.52;0.03;0.12;0.01;180305_224628;0.1;0.0;17.64;3.27
46.871;0.49;0.33;0.7;0.54;14.44;0.06;32.19;1.2;2.36;61401.0;0.02;0.0;19.13;61375.0;0.09;0.85;4.26;1.0;0.01;1.05;0.42;0.0;0.05;0.52;0.03;0.12;0.01;180305_225216;0.1;0.0;17.64;3.27
48.654;0.49;0.33;0.7;0.54;14.43;0.06;32.19;1.2;2.36;61401.0;0.02;0.0;19.13;61381.0;0.09;0.85;4.26;1.0;0.01;1.05;0.42;0.0;0.05;0.52;0.03;0.12;0.01;180306_003915;0.1;0.0;17.63;3.27
49.988;0.49;0.33;0.7;0.54;14.42;0.06;32.21;1.19;2.36;61401.0;0.02;0.0;19.12;61381.0;0.09;0.85;4.26;1.0;0.01;1.05;0.42;0.0;0.05;0.52;0.03;0.12;0.01;180306_015917;0.1;0.0;17.62;3.27
